ts,open,high,low,close,n_obs,source,quality,xcheck_spread_bps,xcheck_sources
2023-03-01 00:00:00+00:00,0.99963,0.99963,0.99901,0.99901,1,bitstamp,fallback,9.900000000000464,2
2023-03-01 01:00:00+00:00,0.99963,1.00269,0.99836,1.00037,1,bitstamp,fallback,4.699999999999704,2
2023-03-01 02:00:00+00:00,1.00017,1.0004,1.00002,1.00002,1,bitstamp,fallback,1.1999999999989797,2
2023-03-01 03:00:00+00:00,0.99999,0.99999,0.99999,0.99999,1,bitstamp,fallback,0.900000000000345,2
2023-03-01 04:00:00+00:00,0.9999,0.9999,0.9999,0.9999,1,bitstamp,fallback,0.0,2
2023-03-01 05:00:00+00:00,0.9999,0.9999,0.9999,0.9999,1,chainlink,measured,0.9999999999998899,2
2023-03-01 06:00:00+00:00,0.9999,0.9999,0.9999,0.9999,0,chainlink,measured,0.2999999999997449,2
2023-03-01 07:00:00+00:00,0.9999,0.9999,0.9999,0.9999,0,chainlink,measured,0.2999999999997449,2
2023-03-01 08:00:00+00:00,0.9999,0.9999,0.9999,0.9999,0,chainlink,measured,0.9999999999998899,2
2023-03-01 09:00:00+00:00,0.9999,0.9999,0.9999,0.9999,0,chainlink,measured,2.4999999999997247,2
2023-03-01 10:00:00+00:00,0.9999,0.9999,0.9999,0.9999,0,chainlink,measured,20.999999999999908,2
2023-03-01 11:00:00+00:00,0.9999,0.9999,0.9999,0.9999,0,chainlink,measured,4.699999999999704,2
2023-03-01 12:00:00+00:00,0.9999,0.9999,0.9999,0.9999,0,chainlink,measured,0.9999999999998899,2
2023-03-01 13:00:00+00:00,0.9999,0.9999,0.9999,0.9999,0,chainlink,measured,3.6999999999998145,2
2023-03-01 14:00:00+00:00,0.9999,0.9999,0.9999,0.9999,0,chainlink,measured,1.1999999999989797,2
2023-03-01 15:00:00+00:00,0.9999,0.9999,0.9999,0.9999,0,chainlink,measured,5.3000000000003045,2
2023-03-01 16:00:00+00:00,0.9999,0.9999,0.9999,0.9999,0,chainlink,measured,3.4999999999996145,2
2023-03-01 17:00:00+00:00,0.9999,0.9999,0.9999,0.9999,0,chainlink,measured,0.9999999999998899,2
2023-03-01 18:00:00+00:00,0.9999,0.9999,0.9999,0.9999,0,chainlink,measured,0.9999999999998899,2
2023-03-01 19:00:00+00:00,0.9999,0.9999,0.9999,0.9999,0,chainlink,measured,0.900000000000345,2
2023-03-01 20:00:00+00:00,0.9999,0.9999,0.9999,0.9999,0,chainlink,measured,1.80000000000069,2
2023-03-01 21:00:00+00:00,0.9999,0.9999,0.9999,0.9999,0,chainlink,measured,2.8999999999990145,2
2023-03-01 22:00:00+00:00,0.9999,0.9999,0.9999,0.9999,0,chainlink,measured,1.7000000000000348,2
2023-03-01 23:00:00+00:00,0.9999,0.9999,0.9999,0.9999,0,chainlink,measured,1.7000000000000348,2
2023-03-02 00:00:00+00:00,0.9999,0.9999,0.9999,0.9999,0,chainlink,measured,1.7000000000000348,2
2023-03-02 01:00:00+00:00,0.9999,0.9999,0.9999,0.9999,0,chainlink,measured,1.7000000000000348,2
2023-03-02 02:00:00+00:00,0.9999,0.9999,0.9999,0.9999,0,chainlink,measured,1.2999999999996348,2
2023-03-02 03:00:00+00:00,0.9999,0.9999,0.9999,0.9999,0,chainlink,measured,3.6000000000002697,2
2023-03-02 04:00:00+00:00,0.9999,0.9999,0.9999,0.9999,0,chainlink,measured,3.6000000000002697,2
2023-03-02 05:00:00+00:00,0.99993187,0.99993187,0.99993187,0.99993187,1,chainlink,measured,4.318699999998898,2
2023-03-02 06:00:00+00:00,0.99993187,0.99993187,0.99993187,0.99993187,0,chainlink,measured,0.4813000000003509,2
2023-03-02 07:00:00+00:00,0.99993187,0.99993187,0.99993187,0.99993187,0,chainlink,measured,4.318699999998898,2
2023-03-02 08:00:00+00:00,0.99993187,0.99993187,0.99993187,0.99993187,0,chainlink,measured,4.0186999999991535,2
2023-03-02 09:00:00+00:00,0.99993187,0.99993187,0.99993187,0.99993187,0,chainlink,measured,1.781300000001096,2
2023-03-02 10:00:00+00:00,0.99993187,0.99993187,0.99993187,0.99993187,0,chainlink,measured,1.781300000001096,2
2023-03-02 11:00:00+00:00,0.99993187,0.99993187,0.99993187,0.99993187,0,chainlink,measured,2.3186999999991187,2
2023-03-02 12:00:00+00:00,0.99993187,0.99993187,0.99993187,0.99993187,0,chainlink,measured,1.181300000001606,2
2023-03-02 13:00:00+00:00,0.99993187,0.99993187,0.99993187,0.99993187,0,chainlink,measured,0.6813000000005509,2
2023-03-02 14:00:00+00:00,0.99993187,0.99993187,0.99993187,0.99993187,0,chainlink,measured,0.6813000000005509,2
2023-03-02 15:00:00+00:00,0.99993187,0.99993187,0.99993187,0.99993187,0,chainlink,measured,5.218699999999243,2
2023-03-02 16:00:00+00:00,0.99993187,0.99993187,0.99993187,0.99993187,0,chainlink,measured,0.581300000001006,2
2023-03-02 17:00:00+00:00,0.99993187,0.99993187,0.99993187,0.99993187,0,chainlink,measured,0.381300000000806,2
2023-03-02 18:00:00+00:00,0.99993187,0.99993187,0.99993187,0.99993187,0,chainlink,measured,0.6813000000005509,2
2023-03-02 19:00:00+00:00,0.99993187,0.99993187,0.99993187,0.99993187,0,chainlink,measured,1.181300000001606,2
2023-03-02 20:00:00+00:00,0.99993187,0.99993187,0.99993187,0.99993187,0,chainlink,measured,1.081300000000951,2
2023-03-02 21:00:00+00:00,0.99993187,0.99993187,0.99993187,0.99993187,0,chainlink,measured,1.6813000000004408,2
2023-03-02 22:00:00+00:00,0.99993187,0.99993187,0.99993187,0.99993187,0,chainlink,measured,3.6813000000002205,2
2023-03-02 23:00:00+00:00,0.99993187,0.99993187,0.99993187,0.99993187,0,chainlink,measured,4.481300000001021,2
2023-03-03 00:00:00+00:00,0.99993187,0.99993187,0.99993187,0.99993187,0,chainlink,measured,0.6813000000005509,2
2023-03-03 01:00:00+00:00,0.99993187,0.99993187,0.99993187,0.99993187,0,chainlink,measured,2.3813000000005857,2
2023-03-03 02:00:00+00:00,0.99993187,0.99993187,0.99993187,0.99993187,0,chainlink,measured,0.9813000000002958,2
2023-03-03 03:00:00+00:00,0.99993187,0.99993187,0.99993187,0.99993187,0,chainlink,measured,0.381300000000806,2
2023-03-03 04:00:00+00:00,0.99993187,0.99993187,0.99993187,0.99993187,0,chainlink,measured,0.381300000000806,2
2023-03-03 05:00:00+00:00,0.99971826,0.99971826,0.99971826,0.99971826,1,chainlink,measured,3.017399999999393,2
2023-03-03 06:00:00+00:00,0.99971826,0.99971826,0.99971826,0.99971826,0,chainlink,measured,2.617400000000103,2
2023-03-03 07:00:00+00:00,0.99971826,0.99971826,0.99971826,0.99971826,0,chainlink,measured,3.7173999999995377,2
2023-03-03 08:00:00+00:00,0.99971826,0.99971826,0.99971826,0.99971826,0,chainlink,measured,2.817400000000303,2
2023-03-03 09:00:00+00:00,0.99971826,0.99971826,0.99971826,0.99971826,0,chainlink,measured,2.817400000000303,2
2023-03-03 10:00:00+00:00,0.99971826,0.99971826,0.99971826,0.99971826,0,chainlink,measured,2.817400000000303,2
2023-03-03 11:00:00+00:00,0.99971826,0.99971826,0.99971826,0.99971826,0,chainlink,measured,6.717399999999207,2
2023-03-03 12:00:00+00:00,0.99971826,0.99971826,0.99971826,0.99971826,0,chainlink,measured,2.817400000000303,2
2023-03-03 13:00:00+00:00,0.99971826,0.99971826,0.99971826,0.99971826,0,chainlink,measured,1.8174000000004131,2
2023-03-03 14:00:00+00:00,0.99971826,0.99971826,0.99971826,0.99971826,0,chainlink,measured,4.282599999999581,2
2023-03-03 15:00:00+00:00,0.99971826,0.99971826,0.99971826,0.99971826,0,chainlink,measured,4.317400000001248,2
2023-03-03 16:00:00+00:00,0.99971826,0.99971826,0.99971826,0.99971826,0,chainlink,measured,1.8174000000004131,2
2023-03-03 17:00:00+00:00,0.99971826,0.99971826,0.99971826,0.99971826,0,chainlink,measured,2.817400000000303,2
2023-03-03 18:00:00+00:00,0.99971826,0.99971826,0.99971826,0.99971826,0,chainlink,measured,2.817400000000303,2
2023-03-03 19:00:00+00:00,0.99971826,0.99971826,0.99971826,0.99971826,0,chainlink,measured,3.417399999999793,2
2023-03-03 20:00:00+00:00,0.99971826,0.99971826,0.99971826,0.99971826,0,chainlink,measured,5.217400000000483,2
2023-03-03 21:00:00+00:00,0.99971826,0.99971826,0.99971826,0.99971826,0,chainlink,measured,3.517400000000448,2
2023-03-03 22:00:00+00:00,0.99971826,0.99971826,0.99971826,0.99971826,0,chainlink,measured,3.517400000000448,2
2023-03-03 23:00:00+00:00,0.99971826,0.99971826,0.99971826,0.99971826,0,chainlink,measured,2.817400000000303,2
2023-03-04 00:00:00+00:00,0.99971826,0.99971826,0.99971826,0.99971826,0,chainlink,measured,4.017399999999283,2
2023-03-04 01:00:00+00:00,0.99971826,0.99971826,0.99971826,0.99971826,0,chainlink,measured,9.317400000000697,2
2023-03-04 02:00:00+00:00,0.99971826,0.99971826,0.99971826,0.99971826,0,chainlink,measured,2.917400000000958,2
2023-03-04 03:00:00+00:00,0.99971826,0.99971826,0.99971826,0.99971826,0,chainlink,measured,5.117399999999828,2
2023-03-04 04:00:00+00:00,0.99971826,0.99971826,0.99971826,0.99971826,0,chainlink,measured,5.817399999999973,2
2023-03-04 05:00:00+00:00,0.99999779,0.99999779,0.99999779,0.99999779,1,chainlink,measured,0.977899999999865,2
2023-03-04 06:00:00+00:00,0.99999779,0.99999779,0.99999779,0.99999779,0,chainlink,measured,0.7221000000001698,2
2023-03-04 07:00:00+00:00,0.99999779,0.99999779,0.99999779,0.99999779,0,chainlink,measured,0.7221000000001698,2
2023-03-04 08:00:00+00:00,0.99999779,0.99999779,0.99999779,0.99999779,0,chainlink,measured,0.977899999999865,2
2023-03-04 09:00:00+00:00,0.99999779,0.99999779,0.99999779,0.99999779,0,chainlink,measured,0.022100000000024878,2
2023-03-04 10:00:00+00:00,0.99999779,0.99999779,0.99999779,0.99999779,0,chainlink,measured,0.977899999999865,2
2023-03-04 11:00:00+00:00,0.99999779,0.99999779,0.99999779,0.99999779,0,chainlink,measured,0.12210000000068,2
2023-03-04 12:00:00+00:00,0.99999779,0.99999779,0.99999779,0.99999779,0,chainlink,measured,0.022100000000024878,2
2023-03-04 13:00:00+00:00,0.99999779,0.99999779,0.99999779,0.99999779,0,chainlink,measured,0.022100000000024878,2
2023-03-04 14:00:00+00:00,0.99999779,0.99999779,0.99999779,0.99999779,0,chainlink,measured,0.977899999999865,2
2023-03-04 15:00:00+00:00,0.99999779,0.99999779,0.99999779,0.99999779,0,chainlink,measured,1.27789999999961,2
2023-03-04 16:00:00+00:00,0.99999779,0.99999779,0.99999779,0.99999779,0,chainlink,measured,3.4778999999995897,2
2023-03-04 17:00:00+00:00,0.99999779,0.99999779,0.99999779,0.99999779,0,chainlink,measured,1.577900000000465,2
2023-03-04 18:00:00+00:00,0.99999779,0.99999779,0.99999779,0.99999779,0,chainlink,measured,0.3220999999997698,2
2023-03-04 19:00:00+00:00,0.99999779,0.99999779,0.99999779,0.99999779,0,chainlink,measured,0.977899999999865,2
2023-03-04 20:00:00+00:00,0.99999779,0.99999779,0.99999779,0.99999779,0,chainlink,measured,0.22209999999911467,2
2023-03-04 21:00:00+00:00,0.99999779,0.99999779,0.99999779,0.99999779,0,chainlink,measured,0.977899999999865,2
2023-03-04 22:00:00+00:00,0.99999779,0.99999779,0.99999779,0.99999779,0,chainlink,measured,4.022099999999584,2
2023-03-04 23:00:00+00:00,0.99999779,0.99999779,0.99999779,0.99999779,0,chainlink,measured,0.022100000000024878,2
2023-03-05 00:00:00+00:00,0.99999779,0.99999779,0.99999779,0.99999779,0,chainlink,measured,0.022100000000024878,2
2023-03-05 01:00:00+00:00,0.99999779,0.99999779,0.99999779,0.99999779,0,chainlink,measured,0.022100000000024878,2
2023-03-05 02:00:00+00:00,0.99999779,0.99999779,0.99999779,0.99999779,0,chainlink,measured,0.7221000000001698,2
2023-03-05 03:00:00+00:00,0.99999779,0.99999779,0.99999779,0.99999779,0,chainlink,measured,0.3220999999997698,2
2023-03-05 04:00:00+00:00,0.99999779,0.99999779,0.99999779,0.99999779,0,chainlink,measured,0.3220999999997698,2
2023-03-05 05:00:00+00:00,1.0,1.0,1.0,1.0,1,chainlink,measured,0.2999999999997449,2
2023-03-05 06:00:00+00:00,1.0,1.0,1.0,1.0,0,chainlink,measured,0.2999999999997449,2
2023-03-05 07:00:00+00:00,1.0,1.0,1.0,1.0,0,chainlink,measured,0.9999999999998899,2
2023-03-05 08:00:00+00:00,1.0,1.0,1.0,1.0,0,chainlink,measured,0.9999999999998899,2
2023-03-05 09:00:00+00:00,1.0,1.0,1.0,1.0,0,chainlink,measured,0.2999999999997449,2
2023-03-05 10:00:00+00:00,1.0,1.0,1.0,1.0,0,chainlink,measured,0.40000000000040004,2
2023-03-05 11:00:00+00:00,1.0,1.0,1.0,1.0,0,chainlink,measured,0.1999999999990898,2
2023-03-05 12:00:00+00:00,1.0,1.0,1.0,1.0,0,chainlink,measured,13.600000000000279,2
2023-03-05 13:00:00+00:00,1.0,1.0,1.0,1.0,0,chainlink,measured,7.299999999998974,2
2023-03-05 14:00:00+00:00,1.0,1.0,1.0,1.0,0,chainlink,measured,7.200000000000539,2
2023-03-05 15:00:00+00:00,1.0,1.0,1.0,1.0,0,chainlink,measured,7.200000000000539,2
2023-03-05 16:00:00+00:00,1.0,1.0,1.0,1.0,0,chainlink,measured,9.200000000000319,2
2023-03-05 17:00:00+00:00,1.0,1.0,1.0,1.0,0,chainlink,measured,2.2999999999995246,2
2023-03-05 18:00:00+00:00,1.0,1.0,1.0,1.0,0,chainlink,measured,7.500000000000284,2
2023-03-05 19:00:00+00:00,1.0,1.0,1.0,1.0,0,chainlink,measured,9.600000000000719,2
2023-03-05 20:00:00+00:00,1.0,1.0,1.0,1.0,0,chainlink,measured,0.9999999999998899,2
2023-03-05 21:00:00+00:00,1.0,1.0,1.0,1.0,0,chainlink,measured,0.9999999999998899,2
2023-03-05 22:00:00+00:00,1.0,1.0,1.0,1.0,0,chainlink,measured,8.099999999999774,2
2023-03-05 23:00:00+00:00,1.0,1.0,1.0,1.0,0,chainlink,measured,8.099999999999774,2
2023-03-06 00:00:00+00:00,1.0,1.0,1.0,1.0,0,chainlink,measured,8.099999999999774,2
2023-03-06 01:00:00+00:00,1.0,1.0,1.0,1.0,0,chainlink,measured,0.9999999999998899,2
2023-03-06 02:00:00+00:00,1.0,1.0,1.0,1.0,0,chainlink,measured,0.0999999999995449,2
2023-03-06 03:00:00+00:00,1.0,1.0,1.0,1.0,0,chainlink,measured,0.9999999999998899,2
2023-03-06 04:00:00+00:00,1.0,1.0,1.0,1.0,0,chainlink,measured,0.10000000000065512,2
2023-03-06 05:00:00+00:00,0.99998374,0.99998374,0.99998374,0.99998374,1,chainlink,measured,0.8373999999999882,2
2023-03-06 06:00:00+00:00,0.99998374,0.99998374,0.99998374,0.99998374,0,chainlink,measured,0.8373999999999882,2
2023-03-06 07:00:00+00:00,0.99998374,0.99998374,0.99998374,0.99998374,0,chainlink,measured,0.8373999999999882,2
2023-03-06 08:00:00+00:00,0.99998374,0.99998374,0.99998374,0.99998374,0,chainlink,measured,0.1625999999999017,2
2023-03-06 09:00:00+00:00,0.99998374,0.99998374,0.99998374,0.99998374,0,chainlink,measured,0.8373999999999882,2
2023-03-06 10:00:00+00:00,0.99998374,0.99998374,0.99998374,0.99998374,0,chainlink,measured,0.8373999999999882,2
2023-03-06 11:00:00+00:00,0.99998374,0.99998374,0.99998374,0.99998374,0,chainlink,measured,0.1625999999999017,2
2023-03-06 12:00:00+00:00,0.99998374,0.99998374,0.99998374,0.99998374,0,chainlink,measured,0.8373999999999882,2
2023-03-06 13:00:00+00:00,0.99998374,0.99998374,0.99998374,0.99998374,0,chainlink,measured,0.8373999999999882,2
2023-03-06 14:00:00+00:00,0.99998374,0.99998374,0.99998374,0.99998374,0,chainlink,measured,0.8373999999999882,2
2023-03-06 15:00:00+00:00,0.99998374,0.99998374,0.99998374,0.99998374,0,chainlink,measured,0.1625999999999017,2
2023-03-06 16:00:00+00:00,0.99998374,0.99998374,0.99998374,0.99998374,0,chainlink,measured,0.1625999999999017,2
2023-03-06 17:00:00+00:00,0.99998374,0.99998374,0.99998374,0.99998374,0,chainlink,measured,0.1625999999999017,2
2023-03-06 18:00:00+00:00,0.99998374,0.99998374,0.99998374,0.99998374,0,chainlink,measured,0.8373999999999882,2
2023-03-06 19:00:00+00:00,0.99998374,0.99998374,0.99998374,0.99998374,0,chainlink,measured,0.8373999999999882,2
2023-03-06 20:00:00+00:00,0.99998374,0.99998374,0.99998374,0.99998374,0,chainlink,measured,1.0374000000001882,2
2023-03-06 21:00:00+00:00,0.99998374,0.99998374,0.99998374,0.99998374,0,chainlink,measured,1.2374000000003882,2
2023-03-06 22:00:00+00:00,0.99998374,0.99998374,0.99998374,0.99998374,0,chainlink,measured,1.0374000000001882,2
2023-03-06 23:00:00+00:00,0.99998374,0.99998374,0.99998374,0.99998374,0,chainlink,measured,0.9374000000006433,2
2023-03-07 00:00:00+00:00,0.99998374,0.99998374,0.99998374,0.99998374,0,chainlink,measured,0.9374000000006433,2
2023-03-07 01:00:00+00:00,0.99998374,0.99998374,0.99998374,0.99998374,0,chainlink,measured,0.9374000000006433,2
2023-03-07 02:00:00+00:00,0.99998374,0.99998374,0.99998374,0.99998374,0,chainlink,measured,0.9374000000006433,2
2023-03-07 03:00:00+00:00,0.99998374,0.99998374,0.99998374,0.99998374,0,chainlink,measured,0.9374000000006433,2
2023-03-07 04:00:00+00:00,0.99998374,0.99998374,0.99998374,0.99998374,0,chainlink,measured,1.0374000000001882,2
2023-03-07 05:00:00+00:00,0.99988,0.99988,0.99988,0.99988,1,bitstamp,fallback,0.20000000000020002,2
2023-03-07 06:00:00+00:00,0.99999517,0.99999517,0.99999517,0.99999517,1,chainlink,measured,1.051700000000988,2
2023-03-07 07:00:00+00:00,0.99999517,0.99999517,0.99999517,0.99999517,0,chainlink,measured,1.1517000000005329,2
2023-03-07 08:00:00+00:00,0.99999517,0.99999517,0.99999517,0.99999517,0,chainlink,measured,1.1517000000005329,2
2023-03-07 09:00:00+00:00,0.99999517,0.99999517,0.99999517,0.99999517,0,chainlink,measured,1.051700000000988,2
2023-03-07 10:00:00+00:00,0.99999517,0.99999517,0.99999517,0.99999517,0,chainlink,measured,1.051700000000988,2
2023-03-07 11:00:00+00:00,0.99999517,0.99999517,0.99999517,0.99999517,0,chainlink,measured,1.051700000000988,2
2023-03-07 12:00:00+00:00,0.99999517,0.99999517,0.99999517,0.99999517,0,chainlink,measured,1.051700000000988,2
2023-03-07 13:00:00+00:00,0.99999517,0.99999517,0.99999517,0.99999517,0,chainlink,measured,1.1517000000005329,2
2023-03-07 14:00:00+00:00,0.99999517,0.99999517,0.99999517,0.99999517,0,chainlink,measured,1.051700000000988,2
2023-03-07 15:00:00+00:00,0.99999517,0.99999517,0.99999517,0.99999517,0,chainlink,measured,1.051700000000988,2
2023-03-07 16:00:00+00:00,0.99999517,0.99999517,0.99999517,0.99999517,0,chainlink,measured,1.051700000000988,2
2023-03-07 17:00:00+00:00,0.99999517,0.99999517,0.99999517,0.99999517,0,chainlink,measured,1.1517000000005329,2
2023-03-07 18:00:00+00:00,0.99999517,0.99999517,0.99999517,0.99999517,0,chainlink,measured,1.051700000000988,2
2023-03-07 19:00:00+00:00,0.99999517,0.99999517,0.99999517,0.99999517,0,chainlink,measured,1.1517000000005329,2
2023-03-07 20:00:00+00:00,0.99999517,0.99999517,0.99999517,0.99999517,0,chainlink,measured,1.1517000000005329,2
2023-03-07 21:00:00+00:00,0.99999517,0.99999517,0.99999517,0.99999517,0,chainlink,measured,1.051700000000988,2
2023-03-07 22:00:00+00:00,0.99999517,0.99999517,0.99999517,0.99999517,0,chainlink,measured,1.051700000000988,2
2023-03-07 23:00:00+00:00,0.99999517,0.99999517,0.99999517,0.99999517,0,chainlink,measured,1.051700000000988,2
2023-03-08 00:00:00+00:00,0.99999517,0.99999517,0.99999517,0.99999517,0,chainlink,measured,1.051700000000988,2
2023-03-08 01:00:00+00:00,0.99999517,0.99999517,0.99999517,0.99999517,0,chainlink,measured,1.1517000000005329,2
2023-03-08 02:00:00+00:00,0.99999517,0.99999517,0.99999517,0.99999517,0,chainlink,measured,1.051700000000988,2
2023-03-08 03:00:00+00:00,0.99999517,0.99999517,0.99999517,0.99999517,0,chainlink,measured,1.051700000000988,2
2023-03-08 04:00:00+00:00,0.99999517,0.99999517,0.99999517,0.99999517,0,chainlink,measured,1.051700000000988,2
2023-03-08 05:00:00+00:00,0.99999517,0.99999517,0.99999517,0.99999517,0,chainlink,measured,1.1517000000005329,2
2023-03-08 06:00:00+00:00,0.99996381,0.99996381,0.99996381,0.99996381,1,chainlink,measured,0.7381000000006299,2
2023-03-08 07:00:00+00:00,0.99996381,0.99996381,0.99996381,0.99996381,0,chainlink,measured,0.7381000000006299,2
2023-03-08 08:00:00+00:00,0.99996381,0.99996381,0.99996381,0.99996381,0,chainlink,measured,0.8381000000001748,2
2023-03-08 09:00:00+00:00,0.99996381,0.99996381,0.99996381,0.99996381,0,chainlink,measured,0.8381000000001748,2
2023-03-08 10:00:00+00:00,0.99996381,0.99996381,0.99996381,0.99996381,0,chainlink,measured,0.7381000000006299,2
2023-03-08 11:00:00+00:00,0.99996381,0.99996381,0.99996381,0.99996381,0,chainlink,measured,0.7381000000006299,2
2023-03-08 12:00:00+00:00,0.99996381,0.99996381,0.99996381,0.99996381,0,chainlink,measured,1.0381000000003748,2
2023-03-08 13:00:00+00:00,0.99996381,0.99996381,0.99996381,0.99996381,0,chainlink,measured,2.6380999999997545,2
2023-03-08 14:00:00+00:00,0.99996381,0.99996381,0.99996381,0.99996381,0,chainlink,measured,2.6380999999997545,2
2023-03-08 15:00:00+00:00,0.99996381,0.99996381,0.99996381,0.99996381,0,chainlink,measured,2.6380999999997545,2
2023-03-08 16:00:00+00:00,0.99996381,0.99996381,0.99996381,0.99996381,0,chainlink,measured,2.6380999999997545,2
2023-03-08 17:00:00+00:00,0.99996381,0.99996381,0.99996381,0.99996381,0,chainlink,measured,0.8381000000001748,2
2023-03-08 18:00:00+00:00,0.99996381,0.99996381,0.99996381,0.99996381,0,chainlink,measured,1.8381000000000647,2
2023-03-08 19:00:00+00:00,0.99996381,0.99996381,0.99996381,0.99996381,0,chainlink,measured,0.7381000000006299,2
2023-03-08 20:00:00+00:00,0.99996381,0.99996381,0.99996381,0.99996381,0,chainlink,measured,0.8381000000001748,2
2023-03-08 21:00:00+00:00,0.99996381,0.99996381,0.99996381,0.99996381,0,chainlink,measured,0.8381000000001748,2
2023-03-08 22:00:00+00:00,0.99996381,0.99996381,0.99996381,0.99996381,0,chainlink,measured,0.8381000000001748,2
2023-03-08 23:00:00+00:00,0.99996381,0.99996381,0.99996381,0.99996381,0,chainlink,measured,1.361899999999805,2
2023-03-09 00:00:00+00:00,0.99996381,0.99996381,0.99996381,0.99996381,0,chainlink,measured,0.8381000000001748,2
2023-03-09 01:00:00+00:00,0.99996381,0.99996381,0.99996381,0.99996381,0,chainlink,measured,0.8381000000001748,2
2023-03-09 02:00:00+00:00,0.99996381,0.99996381,0.99996381,0.99996381,0,chainlink,measured,0.7381000000006299,2
2023-03-09 03:00:00+00:00,0.99996381,0.99996381,0.99996381,0.99996381,0,chainlink,measured,0.9380999999997197,2
2023-03-09 04:00:00+00:00,0.99996381,0.99996381,0.99996381,0.99996381,0,chainlink,measured,0.9380999999997197,2
2023-03-09 05:00:00+00:00,0.99996381,0.99996381,0.99996381,0.99996381,0,chainlink,measured,0.9380999999997197,2
2023-03-09 06:00:00+00:00,1.0,1.0,1.0,1.0,1,chainlink,measured,1.2999999999996348,2
2023-03-09 07:00:00+00:00,1.0,1.0,1.0,1.0,0,chainlink,measured,1.2999999999996348,2
2023-03-09 08:00:00+00:00,1.0,1.0,1.0,1.0,0,chainlink,measured,1.2000000000000899,2
2023-03-09 09:00:00+00:00,1.0,1.0,1.0,1.0,0,chainlink,measured,1.2999999999996348,2
2023-03-09 10:00:00+00:00,1.0,1.0,1.0,1.0,0,chainlink,measured,1.2000000000000899,2
2023-03-09 11:00:00+00:00,1.0,1.0,1.0,1.0,0,chainlink,measured,1.7000000000000348,2
2023-03-09 12:00:00+00:00,1.0,1.0,1.0,1.0,0,chainlink,measured,1.7999999999995797,2
2023-03-09 13:00:00+00:00,1.0,1.0,1.0,1.0,0,chainlink,measured,0.9999999999998899,2
2023-03-09 14:00:00+00:00,1.0,1.0,1.0,1.0,0,chainlink,measured,0.5999999999994898,2
2023-03-09 15:00:00+00:00,1.0,1.0,1.0,1.0,0,chainlink,measured,0.5999999999994898,2
2023-03-09 16:00:00+00:00,1.0,1.0,1.0,1.0,0,chainlink,measured,0.700000000000145,2
2023-03-09 17:00:00+00:00,1.0,1.0,1.0,1.0,0,chainlink,measured,0.9999999999998899,2
2023-03-09 18:00:00+00:00,1.0,1.0,1.0,1.0,0,chainlink,measured,1.7000000000000348,2
2023-03-09 19:00:00+00:00,1.0,1.0,1.0,1.0,0,chainlink,measured,0.5999999999994898,2
2023-03-09 20:00:00+00:00,1.0,1.0,1.0,1.0,0,chainlink,measured,0.5999999999994898,2
2023-03-09 21:00:00+00:00,1.0,1.0,1.0,1.0,0,chainlink,measured,0.9999999999998899,2
2023-03-09 22:00:00+00:00,1.0,1.0,1.0,1.0,0,chainlink,measured,0.9999999999998899,2
2023-03-09 23:00:00+00:00,1.0,1.0,1.0,1.0,0,chainlink,measured,0.9999999999998899,2
2023-03-10 00:00:00+00:00,1.0,1.0,1.0,1.0,0,chainlink,measured,0.5999999999994898,2
2023-03-10 01:00:00+00:00,1.0,1.0,1.0,1.0,0,chainlink,measured,0.700000000000145,2
2023-03-10 02:00:00+00:00,1.0,1.0,1.0,1.0,0,chainlink,measured,0.9999999999998899,2
2023-03-10 03:00:00+00:00,1.0,1.0,1.0,1.0,0,chainlink,measured,0.7999999999996898,2
2023-03-10 04:00:00+00:00,1.0,1.0,1.0,1.0,0,chainlink,measured,0.9999999999998899,2
2023-03-10 05:00:00+00:00,1.0,1.0,1.0,1.0,0,chainlink,measured,0.0,2
2023-03-10 06:00:00+00:00,1.00019,1.00019,1.00019,1.00019,1,chainlink,measured,1.8999999999991246,2
2023-03-10 07:00:00+00:00,1.00019,1.00019,1.00019,1.00019,0,chainlink,measured,2.3999999999990695,2
2023-03-10 08:00:00+00:00,1.00019,1.00019,1.00019,1.00019,0,chainlink,measured,8.899999999999464,2
2023-03-10 09:00:00+00:00,1.00019,1.00019,1.00019,1.00019,0,chainlink,measured,2.1999999999988695,2
2023-03-10 10:00:00+00:00,1.00019,1.00019,1.00019,1.00019,0,chainlink,measured,1.8999999999991246,2
2023-03-10 11:00:00+00:00,1.00019,1.00019,1.00019,1.00019,0,chainlink,measured,1.9999999999986695,2
2023-03-10 12:00:00+00:00,1.00019,1.00019,1.00019,1.00019,0,chainlink,measured,2.8999999999990145,2
2023-03-10 13:00:00+00:00,1.00019,1.00019,1.00019,1.00019,0,chainlink,measured,2.8999999999990145,2
2023-03-10 14:00:00+00:00,1.00019,1.00019,1.00019,1.00019,0,chainlink,measured,2.1999999999988695,2
2023-03-10 15:00:00+00:00,1.00019,1.00019,1.00019,1.00019,0,chainlink,measured,2.1999999999988695,2
2023-03-10 16:00:00+00:00,1.00019,1.00019,1.00019,1.00019,0,chainlink,measured,1.8999999999991246,2
2023-03-10 17:00:00+00:00,1.00019,1.00019,1.00019,1.00019,0,chainlink,measured,1.8999999999991246,2
2023-03-10 18:00:00+00:00,1.00019,1.00019,1.00019,1.00019,0,chainlink,measured,2.1999999999988695,2
2023-03-10 19:00:00+00:00,1.00019,1.00019,1.00019,1.00019,0,chainlink,measured,2.8999999999990145,2
2023-03-10 20:00:00+00:00,1.00019,1.00019,1.00019,1.00019,0,chainlink,measured,3.1999999999987594,2
2023-03-10 21:00:00+00:00,1.00019,1.00019,1.00019,1.00019,0,chainlink,measured,24.899999999998812,2
2023-03-10 22:00:00+00:00,0.99755917,0.99755917,0.99755917,0.99755917,1,chainlink,measured-disputed,42.5917000000009,2
2023-03-10 23:00:00+00:00,0.99755917,0.99755917,0.99755917,0.99755917,0,chainlink,measured,6.408299999999256,2
2023-03-11 00:00:00+00:00,0.99503491,0.99503491,0.99503491,0.99503491,1,chainlink,measured,16.25089999999996,2
2023-03-11 01:00:00+00:00,0.99209183,0.99209183,0.98778232,0.98778232,4,chainlink,measured-disputed,101.37680000000037,2
2023-03-11 02:00:00+00:00,0.99062,0.9934,0.98745867,0.99065,5,chainlink,measured-disputed,86.49999999999936,2
2023-03-11 03:00:00+00:00,0.98792496,0.98792496,0.94282769,0.94594839,26,chainlink,measured-disputed,510.5161000000003,2
2023-03-11 04:00:00+00:00,0.94083794,0.9541,0.93870831,0.9479459,24,chainlink,measured-disputed,382.74099999999976,2
2023-03-11 05:00:00+00:00,0.9455702,0.949,0.93691508,0.93949942,13,chainlink,measured-disputed,64.99419999999922,2
2023-03-11 06:00:00+00:00,0.93500214,0.93511174,0.89409863,0.90622834,28,chainlink,measured-disputed,242.8834000000002,2
2023-03-11 07:00:00+00:00,0.90346292,0.90346292,0.88,0.8833,26,chainlink,measured-disputed,226.00000000000065,2
2023-03-11 08:00:00+00:00,0.88677,0.9236,0.88343,0.9236,19,chainlink,measured-disputed,35.99999999999937,2
2023-03-11 09:00:00+00:00,0.9205,0.9205,0.9076,0.90992869,7,chainlink,measured-disputed,78.78689999999966,2
2023-03-11 10:00:00+00:00,0.9124,0.9124,0.90683937,0.91109897,4,chainlink,measured-disputed,274.5896999999997,2
2023-03-11 11:00:00+00:00,0.90840406,0.91017566,0.90441048,0.90965689,8,chainlink,measured-disputed,31.431099999998935,2
2023-03-11 12:00:00+00:00,0.91204131,0.92070691,0.90687439,0.90687439,12,chainlink,measured-disputed,58.74390000000007,2
2023-03-11 13:00:00+00:00,0.91168236,0.913,0.9037,0.913,6,chainlink,measured,14.200000000000879,2
2023-03-11 14:00:00+00:00,0.9154,0.9154,0.9154,0.9154,1,chainlink,measured,13.999999999999568,2
2023-03-11 15:00:00+00:00,0.9177,0.9224,0.9177,0.9224,3,chainlink,measured,17.000000000000348,2
2023-03-11 16:00:00+00:00,0.92486153,0.92747908,0.92486153,0.92747908,2,chainlink,measured-disputed,25.209200000000376,2
2023-03-11 17:00:00+00:00,0.9303,0.94623,0.9303,0.94623,11,chainlink,measured-disputed,37.800000000000054,2
2023-03-11 18:00:00+00:00,0.94873453,0.95226837,0.94525504,0.951,8,chainlink,measured-disputed,30.00000000000003,2
2023-03-11 19:00:00+00:00,0.9535,0.9535,0.9535,0.9535,1,chainlink,measured,12.999999999999678,2
2023-03-11 20:00:00+00:00,0.9561718,0.9819,0.9561718,0.97982655,14,chainlink,measured-disputed,64.96549999999934,2
2023-03-11 21:00:00+00:00,0.97731283,0.97731283,0.9577,0.96038,11,chainlink,measured,14.699999999999713,2
2023-03-11 22:00:00+00:00,0.9579,0.9579,0.9555,0.9555,2,chainlink,measured-disputed,54.8000000000004,2
2023-03-11 23:00:00+00:00,0.95790381,0.97156533,0.95790381,0.96812,7,chainlink,measured,11.200000000000099,2
2023-03-12 00:00:00+00:00,0.96812,0.96812,0.96812,0.96812,0,chainlink,measured,5.800000000000249,2
2023-03-12 01:00:00+00:00,0.9721,0.9805,0.9721,0.97801,5,chainlink,measured-disputed,69.89999999999941,2
2023-03-12 02:00:00+00:00,0.97536349,0.9807,0.97536349,0.97542,5,chainlink,measured-disputed,95.80000000000032,2
2023-03-12 03:00:00+00:00,0.97793,0.9842,0.9771659,0.980248,5,chainlink,measured-disputed,48.519999999999676,2
2023-03-12 04:00:00+00:00,0.9775,0.9845,0.97122435,0.97122435,7,chainlink,measured-disputed,137.75650000000027,2
2023-03-12 05:00:00+00:00,0.9742,0.9742,0.97026774,0.97311829,9,chainlink,measured-disputed,68.8170999999993,2
2023-03-12 06:00:00+00:00,0.97038407,0.97038407,0.95465184,0.95465184,6,chainlink,measured-disputed,27.181600000000252,2
2023-03-12 07:00:00+00:00,0.95216407,0.95216407,0.94679,0.94679,3,chainlink,measured,7.800000000000029,2
2023-03-12 08:00:00+00:00,0.9494,0.9568,0.9494,0.9543403,5,chainlink,measured,20.00300000000066,2
2023-03-12 09:00:00+00:00,0.95686705,0.95686705,0.95686705,0.95686705,1,chainlink,measured,13.370500000000618,2
2023-03-12 10:00:00+00:00,0.9593,0.9593,0.9593,0.9593,1,chainlink,measured,7.999999999999119,2
2023-03-12 11:00:00+00:00,0.96264642,0.96264642,0.95760273,0.95760273,3,chainlink,measured,2.8727000000006164,2
2023-03-12 12:00:00+00:00,0.95760273,0.95760273,0.95760273,0.95760273,0,chainlink,measured,6.027299999999958,2
2023-03-12 13:00:00+00:00,0.96063717,0.96330602,0.96063717,0.96330602,2,chainlink,measured-disputed,50.460199999999844,2
2023-03-12 14:00:00+00:00,0.96079,0.9626,0.95773,0.96001,5,chainlink,measured,9.100000000000774,2
2023-03-12 15:00:00+00:00,0.96244,0.96244,0.9599,0.9599,2,chainlink,measured,8.599999999999719,2
2023-03-12 16:00:00+00:00,0.9575,0.95992,0.9575,0.95992,2,chainlink,measured,13.600000000000279,2
2023-03-12 17:00:00+00:00,0.96272777,0.96746749,0.96272777,0.96449,3,chainlink,measured-disputed,36.10000000000002,2
2023-03-12 18:00:00+00:00,0.9673,0.9724,0.9673,0.9724,3,chainlink,measured-disputed,28.400000000000645,2
2023-03-12 19:00:00+00:00,0.96917081,0.97229633,0.96665149,0.96665149,6,chainlink,measured,6.5851000000005655,2
2023-03-12 20:00:00+00:00,0.96952,0.97195012,0.96673,0.9692,5,chainlink,measured,13.000000000000789,2
2023-03-12 21:00:00+00:00,0.97166,0.97166,0.96916799,0.96916799,2,chainlink,measured,8.379899999999552,2
2023-03-12 22:00:00+00:00,0.9667,0.98791113,0.9667,0.98791113,7,chainlink,measured,23.888699999999872,2
2023-03-12 23:00:00+00:00,0.9909,0.9934,0.99082058,0.99082058,3,chainlink,measured,7.094200000000717,2
2023-03-13 00:00:00+00:00,0.99343639,0.99343639,0.99343639,0.99343639,1,chainlink,measured,17.236100000000974,2
2023-03-13 01:00:00+00:00,0.99343639,0.99343639,0.99343639,0.99343639,0,chainlink,measured,14.636100000000596,2
2023-03-13 02:00:00+00:00,0.99343639,0.99343639,0.99343639,0.99343639,0,chainlink,measured,24.636100000000603,2
2023-03-13 03:00:00+00:00,0.996,0.996,0.9935,0.9935,2,chainlink,measured,4.900000000001015,2
2023-03-13 04:00:00+00:00,0.9935,0.9935,0.9935,0.9935,0,chainlink,measured,17.600000000000946,2
2023-03-13 05:00:00+00:00,0.991,0.991,0.991,0.991,1,chainlink,measured,7.199999999999429,2
2023-03-13 06:00:00+00:00,0.991,0.991,0.991,0.991,0,chainlink,measured,1.9999999999997797,2
2023-03-13 07:00:00+00:00,0.991,0.991,0.991,0.991,0,chainlink,measured,9.000000000000119,2
2023-03-13 08:00:00+00:00,0.991,0.991,0.991,0.991,0,chainlink,measured-disputed,25.699999999999612,2
2023-03-13 09:00:00+00:00,0.98991589,0.98991589,0.98991589,0.98991589,1,chainlink,measured,5.8411000000002655,2
2023-03-13 10:00:00+00:00,0.98991589,0.98991589,0.98991589,0.98991589,0,chainlink,measured,5.1589000000007434,2
2023-03-13 11:00:00+00:00,0.98991589,0.98991589,0.98991589,0.98991589,0,chainlink,measured,3.1588999999998535,2
2023-03-13 12:00:00+00:00,0.98991589,0.98991589,0.98991589,0.98991589,0,chainlink,measured,6.841100000000155,2
2023-03-13 13:00:00+00:00,0.99255752,0.99570186,0.99255752,0.99570186,4,chainlink,measured-disputed,31.981399999999603,2
2023-03-13 14:00:00+00:00,0.99822327,0.99822327,0.99822327,0.99822327,1,chainlink,measured,9.867300000000467,2
2023-03-13 15:00:00+00:00,0.9953114,0.9983,0.9953114,0.9983,2,chainlink,measured,7.000000000000339,2
2023-03-13 16:00:00+00:00,0.9958,0.99887418,0.9958,0.99887418,2,chainlink,measured,9.441799999999612,2
2023-03-13 17:00:00+00:00,0.99887418,0.99887418,0.99887418,0.99887418,0,chainlink,measured,7.541799999999377,2
2023-03-13 18:00:00+00:00,0.99887418,0.99887418,0.99887418,0.99887418,0,chainlink,measured,7.258200000000992,2
2023-03-13 19:00:00+00:00,0.99887418,0.99887418,0.99887418,0.99887418,0,chainlink,measured,4.258200000000212,2
2023-03-13 20:00:00+00:00,0.99887418,0.99887418,0.99887418,0.99887418,0,chainlink,measured,15.541799999999606,2
2023-03-13 21:00:00+00:00,0.99887418,0.99887418,0.99887418,0.99887418,0,chainlink,measured,22.24179999999909,2
2023-03-13 22:00:00+00:00,0.99887418,0.99887418,0.99887418,0.99887418,0,chainlink,measured-disputed,29.141799999999883,2
2023-03-13 23:00:00+00:00,0.99887418,0.99887418,0.99887418,0.99887418,0,chainlink,measured-disputed,33.44179999999919,2
2023-03-14 00:00:00+00:00,0.99887418,0.99887418,0.99887418,0.99887418,0,chainlink,measured,24.541799999999725,2
2023-03-14 01:00:00+00:00,0.99887418,0.99887418,0.99887418,0.99887418,0,chainlink,measured-disputed,28.441799999999738,2
2023-03-14 02:00:00+00:00,0.99887418,0.99887418,0.99887418,0.99887418,0,chainlink,measured,10.041799999999101,2
2023-03-14 03:00:00+00:00,0.99887418,0.99887418,0.99887418,0.99887418,0,chainlink,measured,9.241799999999412,2
2023-03-14 04:00:00+00:00,0.99887418,0.99887418,0.99887418,0.99887418,0,chainlink,measured,8.041799999999322,2
2023-03-14 05:00:00+00:00,0.99887418,0.99887418,0.99887418,0.99887418,0,chainlink,measured,4.258200000000212,2
2023-03-14 06:00:00+00:00,0.99887418,0.99887418,0.99887418,0.99887418,0,chainlink,measured,4.258200000000212,2
2023-03-14 07:00:00+00:00,0.99887418,0.99887418,0.99887418,0.99887418,0,chainlink,measured,3.258200000000322,2
2023-03-14 08:00:00+00:00,0.99887418,0.99887418,0.99887418,0.99887418,0,chainlink,measured,3.258200000000322,2
2023-03-14 09:00:00+00:00,0.99887418,0.99887418,0.99887418,0.99887418,0,chainlink,measured,2.9417999999992173,2
2023-03-14 10:00:00+00:00,0.99887418,0.99887418,0.99887418,0.99887418,0,chainlink,measured,2.258200000000432,2
2023-03-14 11:00:00+00:00,0.99887418,0.99887418,0.99887418,0.99887418,0,chainlink,measured,6.258200000001102,2
2023-03-14 12:00:00+00:00,0.99887418,0.99887418,0.99887418,0.99887418,0,chainlink,measured,6.258200000001102,2
2023-03-14 13:00:00+00:00,0.99887418,0.99887418,0.99887418,0.99887418,0,chainlink,measured,17.04179999999944,2
2023-03-14 14:00:00+00:00,0.99887418,0.99887418,0.99887418,0.99887418,0,chainlink,measured,3.558200000000067,2
2023-03-14 15:00:00+00:00,0.99887418,0.99887418,0.99887418,0.99887418,0,chainlink,measured,1.5417999999989274,2
2023-03-14 16:00:00+00:00,0.99852418,0.99852418,0.99852418,0.99852418,1,chainlink,measured,8.758199999999716,2
2023-03-14 17:00:00+00:00,0.99852418,0.99852418,0.99852418,0.99852418,0,chainlink,measured,9.758200000000716,2
2023-03-14 18:00:00+00:00,0.99852418,0.99852418,0.99852418,0.99852418,0,chainlink,measured,10.758200000000606,2
2023-03-14 19:00:00+00:00,0.99852418,0.99852418,0.99852418,0.99852418,0,chainlink,measured,8.758199999999716,2
2023-03-14 20:00:00+00:00,0.99852418,0.99852418,0.99852418,0.99852418,0,chainlink,measured,6.7581999999999365,2
2023-03-14 21:00:00+00:00,0.99852418,0.99852418,0.99852418,0.99852418,0,chainlink,measured,3.758200000000267,2
2023-03-14 22:00:00+00:00,0.99852418,0.99852418,0.99852418,0.99852418,0,chainlink,measured,6.7581999999999365,2
2023-03-14 23:00:00+00:00,0.99852418,0.99852418,0.99852418,0.99852418,0,chainlink,measured,10.758200000000606,2
2023-03-15 00:00:00+00:00,0.99852418,0.99852418,0.99852418,0.99852418,0,chainlink,measured,7.758199999999826,2
2023-03-15 01:00:00+00:00,0.99852418,0.99852418,0.99852418,0.99852418,0,chainlink,measured,4.758200000000157,2
2023-03-15 02:00:00+00:00,0.99852418,0.99852418,0.99852418,0.99852418,0,chainlink,measured,5.958200000000247,2
2023-03-15 03:00:00+00:00,0.99852418,0.99852418,0.99852418,0.99852418,0,chainlink,measured,7.058199999999681,2
2023-03-15 04:00:00+00:00,0.99852418,0.99852418,0.99852418,0.99852418,0,chainlink,measured,4.858199999999702,2
2023-03-15 05:00:00+00:00,0.99852418,0.99852418,0.99852418,0.99852418,0,chainlink,measured,3.758200000000267,2
2023-03-15 06:00:00+00:00,0.99852418,0.99852418,0.99852418,0.99852418,0,chainlink,measured,7.758199999999826,2
2023-03-15 07:00:00+00:00,0.99852418,0.99852418,0.99852418,0.99852418,0,chainlink,measured,7.758199999999826,2
2023-03-15 08:00:00+00:00,0.99852418,0.99852418,0.99852418,0.99852418,0,chainlink,measured,8.758199999999716,2
2023-03-15 09:00:00+00:00,0.99852418,0.99852418,0.99852418,0.99852418,0,chainlink,measured,7.758199999999826,2
2023-03-15 10:00:00+00:00,0.99852418,0.99852418,0.99852418,0.99852418,0,chainlink,measured,5.758200000000047,2
2023-03-15 11:00:00+00:00,0.99852418,0.99852418,0.99852418,0.99852418,0,chainlink,measured,7.758199999999826,2
2023-03-15 12:00:00+00:00,0.99852418,0.99852418,0.99852418,0.99852418,0,chainlink,measured,10.758200000000606,2
2023-03-15 13:00:00+00:00,0.99852418,0.99852418,0.99852418,0.99852418,0,chainlink,measured,7.758199999999826,2
2023-03-15 14:00:00+00:00,0.99852418,0.99852418,0.99852418,0.99852418,0,chainlink,measured,8.758199999999716,2
2023-03-15 15:00:00+00:00,0.99852418,0.99852418,0.99852418,0.99852418,0,chainlink,measured,7.758199999999826,2
2023-03-15 16:00:00+00:00,0.9993,0.9993,0.9993,0.9993,1,chainlink,measured,2.00000000000089,2
2023-03-15 17:00:00+00:00,0.9993,0.9993,0.9993,0.9993,0,chainlink,measured,2.100000000000435,2
2023-03-15 18:00:00+00:00,0.9993,0.9993,0.9993,0.9993,0,chainlink,measured,2.00000000000089,2
2023-03-15 19:00:00+00:00,0.9993,0.9993,0.9993,0.9993,0,chainlink,measured,3.00000000000078,2
2023-03-15 20:00:00+00:00,0.9993,0.9993,0.9993,0.9993,0,chainlink,measured,4.00000000000067,2
2023-03-15 21:00:00+00:00,0.9993,0.9993,0.9993,0.9993,0,chainlink,measured,2.00000000000089,2
2023-03-15 22:00:00+00:00,0.9993,0.9993,0.9993,0.9993,0,chainlink,measured,3.00000000000078,2
2023-03-15 23:00:00+00:00,0.9993,0.9993,0.9993,0.9993,0,chainlink,measured,3.00000000000078,2
2023-03-16 00:00:00+00:00,0.9993,0.9993,0.9993,0.9993,0,chainlink,measured,3.00000000000078,2
2023-03-16 01:00:00+00:00,0.9993,0.9993,0.9993,0.9993,0,chainlink,measured,6.000000000000449,2
2023-03-16 02:00:00+00:00,0.9993,0.9993,0.9993,0.9993,0,chainlink,measured,5.5000000000005045,2
2023-03-16 03:00:00+00:00,0.9993,0.9993,0.9993,0.9993,0,chainlink,measured,7.000000000000339,2
2023-03-16 04:00:00+00:00,0.9993,0.9993,0.9993,0.9993,0,chainlink,measured,6.000000000000449,2
2023-03-16 05:00:00+00:00,0.9993,0.9993,0.9993,0.9993,0,chainlink,measured,7.000000000000339,2
2023-03-16 06:00:00+00:00,0.9993,0.9993,0.9993,0.9993,0,chainlink,measured,4.00000000000067,2
2023-03-16 07:00:00+00:00,0.9993,0.9993,0.9993,0.9993,0,chainlink,measured,6.000000000000449,2
2023-03-16 08:00:00+00:00,0.9993,0.9993,0.9993,0.9993,0,chainlink,measured,5.0000000000005596,2
2023-03-16 09:00:00+00:00,0.9993,0.9993,0.9993,0.9993,0,chainlink,measured,3.9000000000000146,2
2023-03-16 10:00:00+00:00,0.9993,0.9993,0.9993,0.9993,0,chainlink,measured,3.8000000000004697,2
2023-03-16 11:00:00+00:00,0.9993,0.9993,0.9993,0.9993,0,chainlink,measured,5.20000000000076,2
2023-03-16 12:00:00+00:00,0.9993,0.9993,0.9993,0.9993,0,chainlink,measured,5.600000000000049,2
2023-03-16 13:00:00+00:00,0.9993,0.9993,0.9993,0.9993,0,chainlink,measured,5.0000000000005596,2
2023-03-16 14:00:00+00:00,0.9993,0.9993,0.9993,0.9993,0,chainlink,measured,5.0000000000005596,2
2023-03-16 15:00:00+00:00,0.9993,0.9993,0.9993,0.9993,0,chainlink,measured,6.000000000000449,2
2023-03-16 16:00:00+00:00,0.99990956,0.99990956,0.99990956,0.99990956,1,chainlink,measured,2.09559999999942,2
2023-03-16 17:00:00+00:00,0.99990956,0.99990956,0.99990956,0.99990956,0,chainlink,measured,1.2955999999997303,2
2023-03-16 18:00:00+00:00,0.99990956,0.99990956,0.99990956,0.99990956,0,chainlink,measured,2.09559999999942,2
2023-03-16 19:00:00+00:00,0.99990956,0.99990956,0.99990956,0.99990956,0,chainlink,measured,0.2044000000001045,2
2023-03-16 20:00:00+00:00,0.99990956,0.99990956,0.99990956,0.99990956,0,chainlink,measured,1.0955999999995303,2
2023-03-16 21:00:00+00:00,0.99990956,0.99990956,0.99990956,0.99990956,0,chainlink,measured,2.09559999999942,2
2023-03-16 22:00:00+00:00,0.99990956,0.99990956,0.99990956,0.99990956,0,chainlink,measured,3.69559999999991,2
2023-03-16 23:00:00+00:00,0.99990956,0.99990956,0.99990956,0.99990956,0,chainlink,measured,3.995599999999655,2
2023-03-17 00:00:00+00:00,0.99990956,0.99990956,0.99990956,0.99990956,0,chainlink,measured,2.49559999999982,2
2023-03-17 01:00:00+00:00,0.99990956,0.99990956,0.99990956,0.99990956,0,chainlink,measured,0.9044000000002494,2
2023-03-17 02:00:00+00:00,0.99990956,0.99990956,0.99990956,0.99990956,0,chainlink,measured,0.9044000000002494,2
2023-03-17 03:00:00+00:00,0.99990956,0.99990956,0.99990956,0.99990956,0,chainlink,measured,0.9044000000002494,2
2023-03-17 04:00:00+00:00,0.99990956,0.99990956,0.99990956,0.99990956,0,chainlink,measured,1.0955999999995303,2
2023-03-17 05:00:00+00:00,0.99990956,0.99990956,0.99990956,0.99990956,0,chainlink,measured,1.0955999999995303,2
2023-03-17 06:00:00+00:00,0.99990956,0.99990956,0.99990956,0.99990956,0,chainlink,measured,1.0044000000009046,2
2023-03-17 07:00:00+00:00,0.99990956,0.99990956,0.99990956,0.99990956,0,chainlink,measured,1.2043999999999944,2
2023-03-17 08:00:00+00:00,0.99994,0.99994,0.99994,0.99994,1,chainlink,measured,1.40000000000029,2
2023-03-17 09:00:00+00:00,0.99994,0.99994,0.99994,0.99994,0,chainlink,measured,0.700000000000145,2
2023-03-17 10:00:00+00:00,0.99994,0.99994,0.99994,0.99994,0,chainlink,measured,1.7000000000000348,2
2023-03-17 11:00:00+00:00,0.99994,0.99994,0.99994,0.99994,0,chainlink,measured,1.9000000000002348,2
2023-03-17 12:00:00+00:00,0.99994,0.99994,0.99994,0.99994,0,chainlink,measured,1.9000000000002348,2
2023-03-17 13:00:00+00:00,0.99994,0.99994,0.99994,0.99994,0,chainlink,measured,2.100000000000435,2
2023-03-17 14:00:00+00:00,0.99994,0.99994,0.99994,0.99994,0,chainlink,measured,1.60000000000049,2
2023-03-17 15:00:00+00:00,0.99994,0.99994,0.99994,0.99994,0,chainlink,measured,1.2000000000000899,2
2023-03-17 16:00:00+00:00,0.99994,0.99994,0.99994,0.99994,0,chainlink,measured,4.8000000000003595,2
2023-03-17 17:00:00+00:00,0.99994,0.99994,0.99994,0.99994,0,chainlink,measured,1.100000000000545,2
2023-03-17 18:00:00+00:00,0.99994,0.99994,0.99994,0.99994,0,chainlink,measured,1.2000000000000899,2
2023-03-17 19:00:00+00:00,0.99994,0.99994,0.99994,0.99994,0,chainlink,measured,0.5999999999994898,2
2023-03-17 20:00:00+00:00,0.99994,0.99994,0.99994,0.99994,0,chainlink,measured,1.40000000000029,2
2023-03-17 21:00:00+00:00,0.99994,0.99994,0.99994,0.99994,0,chainlink,measured,1.5999999999993797,2
2023-03-17 22:00:00+00:00,0.99994,0.99994,0.99994,0.99994,0,chainlink,measured,2.5999999999992696,2
2023-03-17 23:00:00+00:00,0.99994,0.99994,0.99994,0.99994,0,chainlink,measured,0.5999999999994898,2
2023-03-18 00:00:00+00:00,0.99994,0.99994,0.99994,0.99994,0,chainlink,measured,0.40000000000040004,2
2023-03-18 01:00:00+00:00,0.99994,0.99994,0.99994,0.99994,0,chainlink,measured,0.40000000000040004,2
2023-03-18 02:00:00+00:00,0.99994,0.99994,0.99994,0.99994,0,chainlink,measured,0.5999999999994898,2
2023-03-18 03:00:00+00:00,0.99994,0.99994,0.99994,0.99994,0,chainlink,measured,0.40000000000040004,2
2023-03-18 04:00:00+00:00,0.99994,0.99994,0.99994,0.99994,0,chainlink,measured,0.40000000000040004,2
2023-03-18 05:00:00+00:00,0.99994,0.99994,0.99994,0.99994,0,chainlink,measured,0.5999999999994898,2
2023-03-18 06:00:00+00:00,0.99994,0.99994,0.99994,0.99994,0,chainlink,measured,1.000000000001,2
2023-03-18 07:00:00+00:00,0.99994,0.99994,0.99994,0.99994,0,chainlink,measured,0.8000000000008001,2
2023-03-18 08:00:00+00:00,0.9999,0.9999,0.9999,0.9999,1,chainlink,measured,0.10000000000065512,2
2023-03-18 09:00:00+00:00,0.9999,0.9999,0.9999,0.9999,0,chainlink,measured,1.4999999999998348,2
2023-03-18 10:00:00+00:00,0.9999,0.9999,0.9999,0.9999,0,chainlink,measured,1.2000000000000899,2
2023-03-18 11:00:00+00:00,0.9999,0.9999,0.9999,0.9999,0,chainlink,measured,0.9999999999998899,2
2023-03-18 12:00:00+00:00,0.9999,0.9999,0.9999,0.9999,0,chainlink,measured,0.9999999999998899,2
2023-03-18 13:00:00+00:00,0.9999,0.9999,0.9999,0.9999,0,chainlink,measured,5.0000000000005596,2
2023-03-18 14:00:00+00:00,0.9999,0.9999,0.9999,0.9999,0,chainlink,measured,0.7999999999996898,2
2023-03-18 15:00:00+00:00,0.9999,0.9999,0.9999,0.9999,0,chainlink,measured,0.6000000000006,2
2023-03-18 16:00:00+00:00,0.9999,0.9999,0.9999,0.9999,0,chainlink,measured,1.9000000000002348,2
2023-03-18 17:00:00+00:00,0.9999,0.9999,0.9999,0.9999,0,chainlink,measured,4.3999999999999595,2
2023-03-18 18:00:00+00:00,0.9999,0.9999,0.9999,0.9999,0,chainlink,measured,0.49999999999994493,2
2023-03-18 19:00:00+00:00,0.9999,0.9999,0.9999,0.9999,0,chainlink,measured,2.100000000000435,2
2023-03-18 20:00:00+00:00,0.9999,0.9999,0.9999,0.9999,0,chainlink,measured,0.0,2
2023-03-18 21:00:00+00:00,0.9999,0.9999,0.9999,0.9999,0,chainlink,measured,2.9999999999996696,2
2023-03-18 22:00:00+00:00,0.9999,0.9999,0.9999,0.9999,0,chainlink,measured,2.100000000000435,2
2023-03-18 23:00:00+00:00,0.9999,0.9999,0.9999,0.9999,0,chainlink,measured,3.9999999999995595,2
2023-03-19 00:00:00+00:00,0.9999,0.9999,0.9999,0.9999,0,chainlink,measured,1.9999999999997797,2
2023-03-19 01:00:00+00:00,0.9999,0.9999,0.9999,0.9999,0,chainlink,measured,1.4999999999998348,2
2023-03-19 02:00:00+00:00,0.9999,0.9999,0.9999,0.9999,0,chainlink,measured,1.4999999999998348,2
2023-03-19 03:00:00+00:00,0.9999,0.9999,0.9999,0.9999,0,chainlink,measured,1.9999999999997797,2
2023-03-19 04:00:00+00:00,0.9999,0.9999,0.9999,0.9999,0,chainlink,measured,2.9999999999996696,2
2023-03-19 05:00:00+00:00,0.9999,0.9999,0.9999,0.9999,0,chainlink,measured,2.9999999999996696,2
2023-03-19 06:00:00+00:00,0.9999,0.9999,0.9999,0.9999,0,chainlink,measured,4.699999999999704,2
2023-03-19 07:00:00+00:00,0.9999,0.9999,0.9999,0.9999,0,chainlink,measured,2.9999999999996696,2
2023-03-19 08:00:00+00:00,0.9996,0.9996,0.9996,0.9996,1,chainlink,measured,1.2999999999996348,2
2023-03-19 09:00:00+00:00,0.9996,0.9996,0.9996,0.9996,0,chainlink,measured,1.3999999999991797,2
2023-03-19 10:00:00+00:00,0.9996,0.9996,0.9996,0.9996,0,chainlink,measured,1.3999999999991797,2
2023-03-19 11:00:00+00:00,0.9996,0.9996,0.9996,0.9996,0,chainlink,measured,1.80000000000069,2
2023-03-19 12:00:00+00:00,0.9996,0.9996,0.9996,0.9996,0,chainlink,measured,1.80000000000069,2
2023-03-19 13:00:00+00:00,0.9996,0.9996,0.9996,0.9996,0,chainlink,measured,1.3999999999991797,2
2023-03-19 14:00:00+00:00,0.9996,0.9996,0.9996,0.9996,0,chainlink,measured,1.40000000000029,2
2023-03-19 15:00:00+00:00,0.9996,0.9996,0.9996,0.9996,0,chainlink,measured,1.9999999999997797,2
2023-03-19 16:00:00+00:00,0.9996,0.9996,0.9996,0.9996,0,chainlink,measured,2.9999999999996696,2
2023-03-19 17:00:00+00:00,0.9996,0.9996,0.9996,0.9996,0,chainlink,measured,2.9999999999996696,2
2023-03-19 18:00:00+00:00,0.9996,0.9996,0.9996,0.9996,0,chainlink,measured,3.9999999999995595,2
2023-03-19 19:00:00+00:00,0.9996,0.9996,0.9996,0.9996,0,chainlink,measured,2.9999999999996696,2
2023-03-19 20:00:00+00:00,0.9996,0.9996,0.9996,0.9996,0,chainlink,measured,2.9999999999996696,2
2023-03-19 21:00:00+00:00,0.9996,0.9996,0.9996,0.9996,0,chainlink,measured,1.9999999999997797,2
2023-03-19 22:00:00+00:00,0.9996,0.9996,0.9996,0.9996,0,chainlink,measured,1.9999999999997797,2
2023-03-19 23:00:00+00:00,0.9996,0.9996,0.9996,0.9996,0,chainlink,measured,2.9999999999996696,2
2023-03-20 00:00:00+00:00,0.9996,0.9996,0.9996,0.9996,0,chainlink,measured,3.9999999999995595,2
2023-03-20 01:00:00+00:00,0.9996,0.9996,0.9996,0.9996,0,chainlink,measured,2.9999999999996696,2
2023-03-20 02:00:00+00:00,0.9996,0.9996,0.9996,0.9996,0,chainlink,measured,0.9999999999998899,2
2023-03-20 03:00:00+00:00,0.9996,0.9996,0.9996,0.9996,0,chainlink,measured,2.9999999999996696,2
2023-03-20 04:00:00+00:00,0.9996,0.9996,0.9996,0.9996,0,chainlink,measured,2.9999999999996696,2
2023-03-20 05:00:00+00:00,0.9996,0.9996,0.9996,0.9996,0,chainlink,measured,2.9999999999996696,2
2023-03-20 06:00:00+00:00,0.9996,0.9996,0.9996,0.9996,0,chainlink,measured,3.9999999999995595,2
2023-03-20 07:00:00+00:00,0.9996,0.9996,0.9996,0.9996,0,chainlink,measured,1.9999999999997797,2
2023-03-20 08:00:00+00:00,0.9998,0.9998,0.9998,0.9998,1,chainlink,measured,1.4999999999998348,2
2023-03-20 09:00:00+00:00,0.9998,0.9998,0.9998,0.9998,0,chainlink,measured,1.4999999999998348,2
2023-03-20 10:00:00+00:00,0.9998,0.9998,0.9998,0.9998,0,chainlink,measured,0.9999999999998899,2
2023-03-20 11:00:00+00:00,0.9998,0.9998,0.9998,0.9998,0,chainlink,measured,0.9999999999998899,2
2023-03-20 12:00:00+00:00,0.9998,0.9998,0.9998,0.9998,0,chainlink,measured,0.9999999999998899,2
2023-03-20 13:00:00+00:00,0.9998,0.9998,0.9998,0.9998,0,chainlink,measured,0.9999999999998899,2
2023-03-20 14:00:00+00:00,0.9998,0.9998,0.9998,0.9998,0,chainlink,measured,4.00000000000067,2
2023-03-20 15:00:00+00:00,0.9998,0.9998,0.9998,0.9998,0,chainlink,measured,10.000000000000009,2
2023-03-20 16:00:00+00:00,0.9998,0.9998,0.9998,0.9998,0,chainlink,measured,11.999999999999789,2
2023-03-20 17:00:00+00:00,0.9998,0.9998,0.9998,0.9998,0,chainlink,measured,20.000000000000018,2
2023-03-20 18:00:00+00:00,0.9998,0.9998,0.9998,0.9998,0,chainlink,measured,20.999999999999908,2
2023-03-20 19:00:00+00:00,0.9998,0.9998,0.9998,0.9998,0,chainlink,measured,18.000000000000238,2
2023-03-20 20:00:00+00:00,0.9998,0.9998,0.9998,0.9998,0,chainlink,measured,20.999999999999908,2
2023-03-20 21:00:00+00:00,0.9998,0.9998,0.9998,0.9998,0,chainlink,measured,17.000000000000348,2
2023-03-20 22:00:00+00:00,0.9998,0.9998,0.9998,0.9998,0,chainlink,measured,15.000000000000568,2
2023-03-20 23:00:00+00:00,0.9998,0.9998,0.9998,0.9998,0,chainlink,measured,19.000000000000128,2
2023-03-21 00:00:00+00:00,0.9998,0.9998,0.9998,0.9998,0,chainlink,measured,19.000000000000128,2
2023-03-21 01:00:00+00:00,0.9998,0.9998,0.9998,0.9998,0,chainlink,measured,24.00000000000069,2
2023-03-21 02:00:00+00:00,0.9968,0.9968,0.9968,0.9968,1,chainlink,measured,22.499999999999744,2
2023-03-21 03:00:00+00:00,0.9968,0.9968,0.9968,0.9968,0,chainlink,measured,24.699999999999722,2
2023-03-21 04:00:00+00:00,0.9968,0.9968,0.9968,0.9968,0,chainlink,measured,23.900000000000034,2
2023-03-21 05:00:00+00:00,0.9968,0.9968,0.9968,0.9968,0,chainlink,measured,23.900000000000034,2
2023-03-21 06:00:00+00:00,0.9993,0.9993,0.9993,0.9993,1,chainlink,measured,1.0999999999994348,2
2023-03-21 07:00:00+00:00,0.9993,0.9993,0.9993,0.9993,0,chainlink,measured,1.0999999999994348,2
2023-03-21 08:00:00+00:00,0.9994,0.9994,0.9994,0.9994,1,chainlink,measured,2.9999999999996696,2
2023-03-21 09:00:00+00:00,0.9994,0.9994,0.9994,0.9994,0,chainlink,measured,4.999999999999449,2
2023-03-21 10:00:00+00:00,0.9994,0.9994,0.9994,0.9994,0,chainlink,measured,10.000000000000009,2
2023-03-21 11:00:00+00:00,0.9994,0.9994,0.9994,0.9994,0,chainlink,measured,8.999999999999009,2
2023-03-21 12:00:00+00:00,0.9994,0.9994,0.9994,0.9994,0,chainlink,measured,10.000000000000009,2
2023-03-21 13:00:00+00:00,0.9994,0.9994,0.9994,0.9994,0,chainlink,measured,10.000000000000009,2
2023-03-21 14:00:00+00:00,0.9994,0.9994,0.9994,0.9994,0,chainlink,measured,5.999999999999339,2
2023-03-21 15:00:00+00:00,0.9994,0.9994,0.9994,0.9994,0,chainlink,measured,11.999999999999789,2
2023-03-21 16:00:00+00:00,0.9994,0.9994,0.9994,0.9994,0,chainlink,measured,15.999999999999348,2
2023-03-21 17:00:00+00:00,0.9994,0.9994,0.9994,0.9994,0,chainlink,measured,14.999999999999458,2
2023-03-21 18:00:00+00:00,0.9994,0.9994,0.9994,0.9994,0,chainlink,measured,15.999999999999348,2
2023-03-21 19:00:00+00:00,0.9994,0.9994,0.9994,0.9994,0,chainlink,measured,18.99999999999902,2
2023-03-21 20:00:00+00:00,0.9994,0.9994,0.9994,0.9994,0,chainlink,measured,20.999999999999908,2
2023-03-21 21:00:00+00:00,0.9994,0.9994,0.9994,0.9994,0,chainlink,measured,13.999999999999568,2
2023-03-21 22:00:00+00:00,0.9994,0.9994,0.9994,0.9994,0,chainlink,measured,13.999999999999568,2
2023-03-21 23:00:00+00:00,0.9994,0.9994,0.9994,0.9994,0,chainlink,measured,8.999999999999009,2
2023-03-22 00:00:00+00:00,0.9994,0.9994,0.9994,0.9994,0,chainlink,measured,5.20000000000076,2
2023-03-22 01:00:00+00:00,0.9994,0.9994,0.9994,0.9994,0,chainlink,measured,6.999999999999229,2
2023-03-22 02:00:00+00:00,0.9994,0.9994,0.9994,0.9994,0,chainlink,measured,7.999999999999119,2
2023-03-22 03:00:00+00:00,0.9994,0.9994,0.9994,0.9994,0,chainlink,measured,4.999999999999449,2
2023-03-22 04:00:00+00:00,0.9994,0.9994,0.9994,0.9994,0,chainlink,measured,2.9999999999996696,2
2023-03-22 05:00:00+00:00,0.9994,0.9994,0.9994,0.9994,0,chainlink,measured,5.999999999999339,2
2023-03-22 06:00:00+00:00,0.9994,0.9994,0.9994,0.9994,0,chainlink,measured,5.999999999999339,2
2023-03-22 07:00:00+00:00,0.9994,0.9994,0.9994,0.9994,0,chainlink,measured,7.999999999999119,2
2023-03-22 08:00:00+00:00,0.9986,0.9986,0.9986,0.9986,1,chainlink,measured,12.299999999999534,2
2023-03-22 09:00:00+00:00,0.9986,0.9986,0.9986,0.9986,0,chainlink,measured,11.200000000000099,2
2023-03-22 10:00:00+00:00,0.9986,0.9986,0.9986,0.9986,0,chainlink,measured,11.999999999999789,2
2023-03-22 11:00:00+00:00,0.9986,0.9986,0.9986,0.9986,0,chainlink,measured,11.700000000000044,2
2023-03-22 12:00:00+00:00,0.9986,0.9986,0.9986,0.9986,0,chainlink,measured,11.799999999999589,2
2023-03-22 13:00:00+00:00,0.9986,0.9986,0.9986,0.9986,0,chainlink,measured,11.099999999999444,2
2023-03-22 14:00:00+00:00,0.9986,0.9986,0.9986,0.9986,0,chainlink,measured,11.799999999999589,2
2023-03-22 15:00:00+00:00,0.9986,0.9986,0.9986,0.9986,0,chainlink,measured,10.000000000000009,2
2023-03-22 16:00:00+00:00,0.9986,0.9986,0.9986,0.9986,0,chainlink,measured,10.000000000000009,2
2023-03-22 17:00:00+00:00,0.9986,0.9986,0.9986,0.9986,0,chainlink,measured,10.000000000000009,2
2023-03-22 18:00:00+00:00,0.9986,0.9986,0.9986,0.9986,0,chainlink,measured,6.999999999999229,2
2023-03-22 19:00:00+00:00,0.9986,0.9986,0.9986,0.9986,0,chainlink,measured,7.999999999999119,2
2023-03-22 20:00:00+00:00,0.9986,0.9986,0.9986,0.9986,0,chainlink,measured,8.499999999999064,2
2023-03-22 21:00:00+00:00,0.9986,0.9986,0.9986,0.9986,0,chainlink,measured,9.000000000000119,2
2023-03-22 22:00:00+00:00,0.9986,0.9986,0.9986,0.9986,0,chainlink,measured,10.000000000000009,2
2023-03-22 23:00:00+00:00,0.9986,0.9986,0.9986,0.9986,0,chainlink,measured,10.000000000000009,2
2023-03-23 00:00:00+00:00,0.9986,0.9986,0.9986,0.9986,0,chainlink,measured,10.000000000000009,2
2023-03-23 01:00:00+00:00,0.9986,0.9986,0.9986,0.9986,0,chainlink,measured,9.699999999999154,2
2023-03-23 02:00:00+00:00,0.9986,0.9986,0.9986,0.9986,0,chainlink,measured,9.699999999999154,2
2023-03-23 03:00:00+00:00,0.9986,0.9986,0.9986,0.9986,0,chainlink,measured,9.699999999999154,2
2023-03-23 04:00:00+00:00,0.9986,0.9986,0.9986,0.9986,0,chainlink,measured,9.599999999999609,2
2023-03-23 05:00:00+00:00,0.9986,0.9986,0.9986,0.9986,0,chainlink,measured,10.000000000000009,2
2023-03-23 06:00:00+00:00,0.9986,0.9986,0.9986,0.9986,0,chainlink,measured,10.099999999999554,2
2023-03-23 07:00:00+00:00,0.9986,0.9986,0.9986,0.9986,0,chainlink,measured,11.999999999999789,2
2023-03-23 08:00:00+00:00,0.9992,0.9992,0.9992,0.9992,1,chainlink,measured,6.899999999999684,2
2023-03-23 09:00:00+00:00,0.9992,0.9992,0.9992,0.9992,0,chainlink,measured,7.000000000000339,2
2023-03-23 10:00:00+00:00,0.9992,0.9992,0.9992,0.9992,0,chainlink,measured,7.000000000000339,2
2023-03-23 11:00:00+00:00,0.9992,0.9992,0.9992,0.9992,0,chainlink,measured,7.000000000000339,2
2023-03-23 12:00:00+00:00,0.9992,0.9992,0.9992,0.9992,0,chainlink,measured,7.000000000000339,2
2023-03-23 13:00:00+00:00,0.9992,0.9992,0.9992,0.9992,0,chainlink,measured,7.000000000000339,2
2023-03-23 14:00:00+00:00,0.9992,0.9992,0.9992,0.9992,0,chainlink,measured,6.000000000000449,2
2023-03-23 15:00:00+00:00,0.9992,0.9992,0.9992,0.9992,0,chainlink,measured,4.899999999999904,2
2023-03-23 16:00:00+00:00,0.9992,0.9992,0.9992,0.9992,0,chainlink,measured,5.0000000000005596,2
2023-03-23 17:00:00+00:00,0.9992,0.9992,0.9992,0.9992,0,chainlink,measured,5.0000000000005596,2
2023-03-23 18:00:00+00:00,0.9992,0.9992,0.9992,0.9992,0,chainlink,measured,4.899999999999904,2
2023-03-23 19:00:00+00:00,0.9992,0.9992,0.9992,0.9992,0,chainlink,measured,5.0000000000005596,2
2023-03-23 20:00:00+00:00,0.9992,0.9992,0.9992,0.9992,0,chainlink,measured,4.899999999999904,2
2023-03-23 21:00:00+00:00,0.9992,0.9992,0.9992,0.9992,0,chainlink,measured,4.899999999999904,2
2023-03-23 22:00:00+00:00,0.9992,0.9992,0.9992,0.9992,0,chainlink,measured,4.899999999999904,2
2023-03-23 23:00:00+00:00,0.9992,0.9992,0.9992,0.9992,0,chainlink,measured,4.899999999999904,2
2023-03-24 00:00:00+00:00,0.9992,0.9992,0.9992,0.9992,0,chainlink,measured,6.000000000000449,2
2023-03-24 01:00:00+00:00,0.9992,0.9992,0.9992,0.9992,0,chainlink,measured,6.000000000000449,2
2023-03-24 02:00:00+00:00,0.9992,0.9992,0.9992,0.9992,0,chainlink,measured,5.1000000000001044,2
2023-03-24 03:00:00+00:00,0.9992,0.9992,0.9992,0.9992,0,chainlink,measured,4.8000000000003595,2
2023-03-24 04:00:00+00:00,0.9992,0.9992,0.9992,0.9992,0,chainlink,measured,5.399999999999849,2
2023-03-24 05:00:00+00:00,0.9992,0.9992,0.9992,0.9992,0,chainlink,measured,5.800000000000249,2
2023-03-24 06:00:00+00:00,0.9992,0.9992,0.9992,0.9992,0,chainlink,measured,5.800000000000249,2
2023-03-24 07:00:00+00:00,0.9992,0.9992,0.9992,0.9992,0,chainlink,measured,5.800000000000249,2
2023-03-24 08:00:00+00:00,0.9995,0.9995,0.9995,0.9995,1,chainlink,measured,2.8999999999990145,2
2023-03-24 09:00:00+00:00,0.9995,0.9995,0.9995,0.9995,0,chainlink,measured,4.099999999999104,2
2023-03-24 10:00:00+00:00,0.9995,0.9995,0.9995,0.9995,0,chainlink,measured,4.099999999999104,2
2023-03-24 11:00:00+00:00,0.9995,0.9995,0.9995,0.9995,0,chainlink,measured,2.2999999999995246,2
2023-03-24 12:00:00+00:00,0.9995,0.9995,0.9995,0.9995,0,chainlink,measured,1.3999999999991797,2
2023-03-24 13:00:00+00:00,0.9995,0.9995,0.9995,0.9995,0,chainlink,measured,3.8999999999989043,2
2023-03-24 14:00:00+00:00,0.9995,0.9995,0.9995,0.9995,0,chainlink,measured,5.299999999999194,2
2023-03-24 15:00:00+00:00,0.9995,0.9995,0.9995,0.9995,0,chainlink,measured,4.499999999999504,2
2023-03-24 16:00:00+00:00,0.9995,0.9995,0.9995,0.9995,0,chainlink,measured,4.499999999999504,2
2023-03-24 17:00:00+00:00,0.9995,0.9995,0.9995,0.9995,0,chainlink,measured,4.299999999999304,2
2023-03-24 18:00:00+00:00,0.9995,0.9995,0.9995,0.9995,0,chainlink,measured,4.299999999999304,2
2023-03-24 19:00:00+00:00,0.9995,0.9995,0.9995,0.9995,0,chainlink,measured,4.3999999999999595,2
2023-03-24 20:00:00+00:00,0.9995,0.9995,0.9995,0.9995,0,chainlink,measured,4.3999999999999595,2
2023-03-24 21:00:00+00:00,0.9995,0.9995,0.9995,0.9995,0,chainlink,measured,4.499999999999504,2
2023-03-24 22:00:00+00:00,0.9995,0.9995,0.9995,0.9995,0,chainlink,measured,4.899999999999904,2
2023-03-24 23:00:00+00:00,0.9995,0.9995,0.9995,0.9995,0,chainlink,measured,4.1999999999997595,2
2023-03-25 00:00:00+00:00,0.9995,0.9995,0.9995,0.9995,0,chainlink,measured,4.1999999999997595,2
2023-03-25 01:00:00+00:00,0.9995,0.9995,0.9995,0.9995,0,chainlink,measured,4.899999999999904,2
2023-03-25 02:00:00+00:00,0.9995,0.9995,0.9995,0.9995,0,chainlink,measured,4.999999999999449,2
2023-03-25 03:00:00+00:00,0.9995,0.9995,0.9995,0.9995,0,chainlink,measured,4.3999999999999595,2
2023-03-25 04:00:00+00:00,0.9995,0.9995,0.9995,0.9995,0,chainlink,measured,4.3999999999999595,2
2023-03-25 05:00:00+00:00,0.9995,0.9995,0.9995,0.9995,0,chainlink,measured,4.3999999999999595,2
2023-03-25 06:00:00+00:00,0.9995,0.9995,0.9995,0.9995,0,chainlink,measured,3.9999999999995595,2
2023-03-25 07:00:00+00:00,0.9995,0.9995,0.9995,0.9995,0,chainlink,measured,4.3999999999999595,2
2023-03-25 08:00:00+00:00,0.999835,0.999835,0.999835,0.999835,1,chainlink,measured,1.6499999999997073,2
2023-03-25 09:00:00+00:00,0.999835,0.999835,0.999835,0.999835,0,chainlink,measured,1.6499999999997073,2
2023-03-25 10:00:00+00:00,0.999835,0.999835,0.999835,0.999835,0,chainlink,measured,1.6499999999997073,2
2023-03-25 11:00:00+00:00,0.999835,0.999835,0.999835,0.999835,0,chainlink,measured,3.650000000000597,2
2023-03-25 12:00:00+00:00,0.999835,0.999835,0.999835,0.999835,0,chainlink,measured,2.649999999999597,2
2023-03-25 13:00:00+00:00,0.999835,0.999835,0.999835,0.999835,0,chainlink,measured,1.6499999999997073,2
2023-03-25 14:00:00+00:00,0.999835,0.999835,0.999835,0.999835,0,chainlink,measured,5.150000000000432,2
2023-03-25 15:00:00+00:00,0.999835,0.999835,0.999835,0.999835,0,chainlink,measured,1.6499999999997073,2
2023-03-25 16:00:00+00:00,0.999835,0.999835,0.999835,0.999835,0,chainlink,measured,3.450000000000397,2
2023-03-25 17:00:00+00:00,0.999835,0.999835,0.999835,0.999835,0,chainlink,measured,1.5500000000001624,2
2023-03-25 18:00:00+00:00,0.999835,0.999835,0.999835,0.999835,0,chainlink,measured,1.6499999999997073,2
2023-03-25 19:00:00+00:00,0.999835,0.999835,0.999835,0.999835,0,chainlink,measured,2.4500000000005073,2
2023-03-25 20:00:00+00:00,0.999835,0.999835,0.999835,0.999835,0,chainlink,measured,4.450000000000287,2
2023-03-25 21:00:00+00:00,0.999835,0.999835,0.999835,0.999835,0,chainlink,measured,3.950000000000342,2
2023-03-25 22:00:00+00:00,0.999835,0.999835,0.999835,0.999835,0,chainlink,measured,1.5500000000001624,2
2023-03-25 23:00:00+00:00,0.999835,0.999835,0.999835,0.999835,0,chainlink,measured,1.5500000000001624,2
2023-03-26 00:00:00+00:00,0.999835,0.999835,0.999835,0.999835,0,chainlink,measured,1.6499999999997073,2
2023-03-26 01:00:00+00:00,0.999835,0.999835,0.999835,0.999835,0,chainlink,measured,1.5500000000001624,2
2023-03-26 02:00:00+00:00,0.999835,0.999835,0.999835,0.999835,0,chainlink,measured,1.5500000000001624,2
2023-03-26 03:00:00+00:00,0.999835,0.999835,0.999835,0.999835,0,chainlink,measured,1.5500000000001624,2
2023-03-26 04:00:00+00:00,0.999835,0.999835,0.999835,0.999835,0,chainlink,measured,1.5500000000001624,2
2023-03-26 05:00:00+00:00,0.999835,0.999835,0.999835,0.999835,0,chainlink,measured,1.6499999999997073,2
2023-03-26 06:00:00+00:00,0.999835,0.999835,0.999835,0.999835,0,chainlink,measured,1.5500000000001624,2
2023-03-26 07:00:00+00:00,0.999835,0.999835,0.999835,0.999835,0,chainlink,measured,1.8499999999999073,2
2023-03-26 08:00:00+00:00,0.9998,0.9998,0.9998,0.9998,1,chainlink,measured,1.4999999999998348,2
2023-03-26 09:00:00+00:00,0.9998,0.9998,0.9998,0.9998,0,chainlink,measured,2.4999999999997247,2
2023-03-26 10:00:00+00:00,0.9998,0.9998,0.9998,0.9998,0,chainlink,measured,1.9000000000002348,2
2023-03-26 11:00:00+00:00,0.9998,0.9998,0.9998,0.9998,0,chainlink,measured,1.9999999999997797,2
2023-03-26 12:00:00+00:00,0.9998,0.9998,0.9998,0.9998,0,chainlink,measured,0.9999999999998899,2
2023-03-26 13:00:00+00:00,0.9998,0.9998,0.9998,0.9998,0,chainlink,measured,1.9000000000002348,2
2023-03-26 14:00:00+00:00,0.9998,0.9998,0.9998,0.9998,0,chainlink,measured,1.7999999999995797,2
2023-03-26 15:00:00+00:00,0.9998,0.9998,0.9998,0.9998,0,chainlink,measured,1.9999999999997797,2
2023-03-26 16:00:00+00:00,0.9998,0.9998,0.9998,0.9998,0,chainlink,measured,1.7000000000000348,2
2023-03-26 17:00:00+00:00,0.9998,0.9998,0.9998,0.9998,0,chainlink,measured,1.7000000000000348,2
2023-03-26 18:00:00+00:00,0.9998,0.9998,0.9998,0.9998,0,chainlink,measured,1.9000000000002348,2
2023-03-26 19:00:00+00:00,0.9998,0.9998,0.9998,0.9998,0,chainlink,measured,1.7000000000000348,2
2023-03-26 20:00:00+00:00,0.9998,0.9998,0.9998,0.9998,0,chainlink,measured,1.7000000000000348,2
2023-03-26 21:00:00+00:00,0.9998,0.9998,0.9998,0.9998,0,chainlink,measured,1.9000000000002348,2
2023-03-26 22:00:00+00:00,0.9998,0.9998,0.9998,0.9998,0,chainlink,measured,1.7000000000000348,2
2023-03-26 23:00:00+00:00,0.9998,0.9998,0.9998,0.9998,0,chainlink,measured,1.7000000000000348,2
2023-03-27 00:00:00+00:00,0.9998,0.9998,0.9998,0.9998,0,chainlink,measured,1.5999999999993797,2
2023-03-27 01:00:00+00:00,0.9998,0.9998,0.9998,0.9998,0,chainlink,measured,1.9999999999997797,2
2023-03-27 02:00:00+00:00,0.9998,0.9998,0.9998,0.9998,0,chainlink,measured,2.9999999999996696,2
2023-03-27 03:00:00+00:00,0.9998,0.9998,0.9998,0.9998,0,chainlink,measured,4.00000000000067,2
2023-03-27 04:00:00+00:00,0.9998,0.9998,0.9998,0.9998,0,chainlink,measured,4.00000000000067,2
2023-03-27 05:00:00+00:00,0.9998,0.9998,0.9998,0.9998,0,chainlink,measured,5.0000000000005596,2
2023-03-27 06:00:00+00:00,0.9998,0.9998,0.9998,0.9998,0,chainlink,measured,4.00000000000067,2
2023-03-27 07:00:00+00:00,0.9998,0.9998,0.9998,0.9998,0,chainlink,measured,6.000000000000449,2
2023-03-27 08:00:00+00:00,0.9993,0.9993,0.9993,0.9993,1,chainlink,measured,5.7000000000007045,2
2023-03-27 09:00:00+00:00,0.9993,0.9993,0.9993,0.9993,0,chainlink,measured,5.7000000000007045,2
2023-03-27 10:00:00+00:00,0.9993,0.9993,0.9993,0.9993,0,chainlink,measured,4.8000000000003595,2
2023-03-27 11:00:00+00:00,0.9993,0.9993,0.9993,0.9993,0,chainlink,measured,4.8000000000003595,2
2023-03-27 12:00:00+00:00,0.9993,0.9993,0.9993,0.9993,0,chainlink,measured,6.300000000000194,2
2023-03-27 13:00:00+00:00,0.9993,0.9993,0.9993,0.9993,0,chainlink,measured,5.800000000000249,2
2023-03-27 14:00:00+00:00,0.9993,0.9993,0.9993,0.9993,0,chainlink,measured,5.7000000000007045,2
2023-03-27 15:00:00+00:00,0.9993,0.9993,0.9993,0.9993,0,chainlink,measured,5.7000000000007045,2
2023-03-27 16:00:00+00:00,0.9993,0.9993,0.9993,0.9993,0,chainlink,measured,5.399999999999849,2
2023-03-27 17:00:00+00:00,0.9993,0.9993,0.9993,0.9993,0,chainlink,measured,4.899999999999904,2
2023-03-27 18:00:00+00:00,0.9993,0.9993,0.9993,0.9993,0,chainlink,measured,6.500000000000394,2
2023-03-27 19:00:00+00:00,0.9993,0.9993,0.9993,0.9993,0,chainlink,measured,5.3000000000003045,2
2023-03-27 20:00:00+00:00,0.9993,0.9993,0.9993,0.9993,0,chainlink,measured,6.200000000000649,2
2023-03-27 21:00:00+00:00,0.9993,0.9993,0.9993,0.9993,0,chainlink,measured,5.7000000000007045,2
2023-03-27 22:00:00+00:00,0.9993,0.9993,0.9993,0.9993,0,chainlink,measured,5.7000000000007045,2
2023-03-27 23:00:00+00:00,0.9993,0.9993,0.9993,0.9993,0,chainlink,measured,6.599999999999939,2
2023-03-28 00:00:00+00:00,0.9993,0.9993,0.9993,0.9993,0,chainlink,measured,6.599999999999939,2
2023-03-28 01:00:00+00:00,0.9993,0.9993,0.9993,0.9993,0,chainlink,measured,6.700000000000594,2
2023-03-28 02:00:00+00:00,0.9993,0.9993,0.9993,0.9993,0,chainlink,measured,6.599999999999939,2
2023-03-28 03:00:00+00:00,0.9993,0.9993,0.9993,0.9993,0,chainlink,measured,6.599999999999939,2
2023-03-28 04:00:00+00:00,0.9993,0.9993,0.9993,0.9993,0,chainlink,measured,6.599999999999939,2
2023-03-28 05:00:00+00:00,0.9993,0.9993,0.9993,0.9993,0,chainlink,measured,6.599999999999939,2
2023-03-28 06:00:00+00:00,0.9993,0.9993,0.9993,0.9993,0,chainlink,measured,6.599999999999939,2
2023-03-28 07:00:00+00:00,0.9993,0.9993,0.9993,0.9993,0,chainlink,measured,6.599999999999939,2
2023-03-28 08:00:00+00:00,0.9998,0.9998,0.9998,0.9998,1,chainlink,measured,1.9999999999997797,2
2023-03-28 09:00:00+00:00,0.9998,0.9998,0.9998,0.9998,0,chainlink,measured,1.9999999999997797,2
2023-03-28 10:00:00+00:00,0.9998,0.9998,0.9998,0.9998,0,chainlink,measured,1.4999999999998348,2
2023-03-28 11:00:00+00:00,0.9998,0.9998,0.9998,0.9998,0,chainlink,measured,1.40000000000029,2
2023-03-28 12:00:00+00:00,0.9998,0.9998,0.9998,0.9998,0,chainlink,measured,1.4999999999998348,2
2023-03-28 13:00:00+00:00,0.9998,0.9998,0.9998,0.9998,0,chainlink,measured,1.9999999999997797,2
2023-03-28 14:00:00+00:00,0.9998,0.9998,0.9998,0.9998,0,chainlink,measured,1.40000000000029,2
2023-03-28 15:00:00+00:00,0.9998,0.9998,0.9998,0.9998,0,chainlink,measured,1.9999999999997797,2
2023-03-28 16:00:00+00:00,0.9998,0.9998,0.9998,0.9998,0,chainlink,measured,9.999999999998899,2
2023-03-28 17:00:00+00:00,0.9998,0.9998,0.9998,0.9998,0,chainlink,measured,8.999999999999009,2
2023-03-28 18:00:00+00:00,0.9998,0.9998,0.9998,0.9998,0,chainlink,measured,1.9999999999997797,2
2023-03-28 19:00:00+00:00,0.9998,0.9998,0.9998,0.9998,0,chainlink,measured,6.999999999999229,2
2023-03-28 20:00:00+00:00,0.9998,0.9998,0.9998,0.9998,0,chainlink,measured,4.999999999999449,2
2023-03-28 21:00:00+00:00,0.9998,0.9998,0.9998,0.9998,0,chainlink,measured,1.9999999999997797,2
2023-03-28 22:00:00+00:00,0.9998,0.9998,0.9998,0.9998,0,chainlink,measured,0.9999999999998899,2
2023-03-28 23:00:00+00:00,0.9998,0.9998,0.9998,0.9998,0,chainlink,measured,0.9999999999998899,2
2023-03-29 00:00:00+00:00,0.9998,0.9998,0.9998,0.9998,0,chainlink,measured,1.9999999999997797,2
2023-03-29 01:00:00+00:00,0.9998,0.9998,0.9998,0.9998,0,chainlink,measured,1.9999999999997797,2
2023-03-29 02:00:00+00:00,0.9998,0.9998,0.9998,0.9998,0,chainlink,measured,0.9999999999998899,2
2023-03-29 03:00:00+00:00,0.9998,0.9998,0.9998,0.9998,0,chainlink,measured,0.5999999999994898,2
2023-03-29 04:00:00+00:00,0.9998,0.9998,0.9998,0.9998,0,chainlink,measured,0.9999999999998899,2
2023-03-29 05:00:00+00:00,0.9998,0.9998,0.9998,0.9998,0,chainlink,measured,0.9999999999998899,2
2023-03-29 06:00:00+00:00,0.9998,0.9998,0.9998,0.9998,0,chainlink,measured,1.9999999999997797,2
2023-03-29 07:00:00+00:00,0.9998,0.9998,0.9998,0.9998,0,chainlink,measured,1.9999999999997797,2
2023-03-29 08:00:00+00:00,0.999939,0.999939,0.999939,0.999939,1,chainlink,measured,0.7900000000005125,2
2023-03-29 09:00:00+00:00,0.999939,0.999939,0.999939,0.999939,0,chainlink,measured,0.6099999999997774,2
2023-03-29 10:00:00+00:00,0.999939,0.999939,0.999939,0.999939,0,chainlink,measured,2.0900000000001473,2
2023-03-29 11:00:00+00:00,0.999939,0.999939,0.999939,0.999939,0,chainlink,measured,0.8900000000000574,2
2023-03-29 12:00:00+00:00,0.999939,0.999939,0.999939,0.999939,0,chainlink,measured,0.5900000000003125,2
2023-03-29 13:00:00+00:00,0.999939,0.999939,0.999939,0.999939,0,chainlink,measured,0.6899999999998574,2
2023-03-29 14:00:00+00:00,0.999939,0.999939,0.999939,0.999939,0,chainlink,measured,2.389999999999892,2
2023-03-29 15:00:00+00:00,0.999939,0.999939,0.999939,0.999939,0,chainlink,measured,0.6099999999997774,2
2023-03-29 16:00:00+00:00,0.999939,0.999939,0.999939,0.999939,0,chainlink,measured,0.3900000000001125,2
2023-03-29 17:00:00+00:00,0.999939,0.999939,0.999939,0.999939,0,chainlink,measured,0.6099999999997774,2
2023-03-29 18:00:00+00:00,0.999939,0.999939,0.999939,0.999939,0,chainlink,measured,0.3900000000001125,2
2023-03-29 19:00:00+00:00,0.999939,0.999939,0.999939,0.999939,0,chainlink,measured,0.3900000000001125,2
2023-03-29 20:00:00+00:00,0.999939,0.999939,0.999939,0.999939,0,chainlink,measured,2.389999999999892,2
2023-03-29 21:00:00+00:00,0.999939,0.999939,0.999939,0.999939,0,chainlink,measured,2.389999999999892,2
2023-03-29 22:00:00+00:00,0.999939,0.999939,0.999939,0.999939,0,chainlink,measured,0.6099999999997774,2
2023-03-29 23:00:00+00:00,0.999939,0.999939,0.999939,0.999939,0,chainlink,measured,0.3900000000001125,2
2023-03-30 00:00:00+00:00,0.999939,0.999939,0.999939,0.999939,0,chainlink,measured,1.3900000000000023,2
2023-03-30 01:00:00+00:00,0.999939,0.999939,0.999939,0.999939,0,chainlink,measured,1.3900000000000023,2
2023-03-30 02:00:00+00:00,0.999939,0.999939,0.999939,0.999939,0,chainlink,measured,0.6099999999997774,2
2023-03-30 03:00:00+00:00,0.999939,0.999939,0.999939,0.999939,0,chainlink,measured,0.3900000000001125,2
2023-03-30 04:00:00+00:00,0.999939,0.999939,0.999939,0.999939,0,chainlink,measured,1.3900000000000023,2
2023-03-30 05:00:00+00:00,0.999939,0.999939,0.999939,0.999939,0,chainlink,measured,1.3900000000000023,2
2023-03-30 06:00:00+00:00,0.999939,0.999939,0.999939,0.999939,0,chainlink,measured,0.40999999999957737,2
2023-03-30 07:00:00+00:00,0.999939,0.999939,0.999939,0.999939,0,chainlink,measured,0.6099999999997774,2
2023-03-30 08:00:00+00:00,0.9999,0.9999,0.9999,0.9999,1,chainlink,measured,0.20000000000020002,2
2023-03-30 09:00:00+00:00,0.9999,0.9999,0.9999,0.9999,0,chainlink,measured,0.900000000000345,2
2023-03-30 10:00:00+00:00,0.9999,0.9999,0.9999,0.9999,0,chainlink,measured,0.40000000000040004,2
2023-03-30 11:00:00+00:00,0.9999,0.9999,0.9999,0.9999,0,chainlink,measured,0.9999999999998899,2
2023-03-30 12:00:00+00:00,0.9999,0.9999,0.9999,0.9999,0,chainlink,measured,0.20000000000020002,2
2023-03-30 13:00:00+00:00,0.9999,0.9999,0.9999,0.9999,0,chainlink,measured,0.0,2
2023-03-30 14:00:00+00:00,0.9999,0.9999,0.9999,0.9999,0,chainlink,measured,0.40000000000040004,2
2023-03-30 15:00:00+00:00,0.9999,0.9999,0.9999,0.9999,0,chainlink,measured,0.900000000000345,2
2023-03-30 16:00:00+00:00,0.9999,0.9999,0.9999,0.9999,0,chainlink,measured,0.900000000000345,2
2023-03-30 17:00:00+00:00,0.9999,0.9999,0.9999,0.9999,0,chainlink,measured,0.40000000000040004,2
2023-03-30 18:00:00+00:00,0.9999,0.9999,0.9999,0.9999,0,chainlink,measured,0.900000000000345,2
2023-03-30 19:00:00+00:00,0.9999,0.9999,0.9999,0.9999,0,chainlink,measured,0.700000000000145,2
2023-03-30 20:00:00+00:00,0.9999,0.9999,0.9999,0.9999,0,chainlink,measured,0.9999999999998899,2
2023-03-30 21:00:00+00:00,0.9999,0.9999,0.9999,0.9999,0,chainlink,measured,0.9999999999998899,2
2023-03-30 22:00:00+00:00,0.9999,0.9999,0.9999,0.9999,0,chainlink,measured,0.9999999999998899,2
2023-03-30 23:00:00+00:00,0.9999,0.9999,0.9999,0.9999,0,chainlink,measured,0.9999999999998899,2
2023-03-31 00:00:00+00:00,0.9999,0.9999,0.9999,0.9999,0,chainlink,measured,0.5999999999994898,2
2023-03-31 01:00:00+00:00,0.9999,0.9999,0.9999,0.9999,0,chainlink,measured,0.9999999999998899,2
2023-03-31 02:00:00+00:00,0.9999,0.9999,0.9999,0.9999,0,chainlink,measured,0.49999999999994493,2
2023-03-31 03:00:00+00:00,0.9999,0.9999,0.9999,0.9999,0,chainlink,measured,0.49999999999994493,2
2023-03-31 04:00:00+00:00,0.9999,0.9999,0.9999,0.9999,0,chainlink,measured,0.9999999999998899,2
2023-03-31 05:00:00+00:00,0.9999,0.9999,0.9999,0.9999,0,chainlink,measured,0.9999999999998899,2
2023-03-31 06:00:00+00:00,0.9999,0.9999,0.9999,0.9999,0,chainlink,measured,0.9999999999998899,2
2023-03-31 07:00:00+00:00,0.9999,0.9999,0.9999,0.9999,0,chainlink,measured,0.9999999999998899,2
2023-03-31 08:00:00+00:00,0.999852,0.999852,0.999852,0.999852,1,chainlink,measured,1.180000000000625,2
2023-03-31 09:00:00+00:00,0.999852,0.999852,0.999852,0.999852,0,chainlink,measured,1.0799999999999699,2
2023-03-31 10:00:00+00:00,0.999852,0.999852,0.999852,0.999852,0,chainlink,measured,1.380000000000825,2
2023-03-31 11:00:00+00:00,0.999852,0.999852,0.999852,0.999852,0,chainlink,measured,1.48000000000037,2
2023-03-31 12:00:00+00:00,0.999852,0.999852,0.999852,0.999852,0,chainlink,measured,1.48000000000037,2
2023-03-31 13:00:00+00:00,0.999852,0.999852,0.999852,0.999852,0,chainlink,measured,1.48000000000037,2
2023-03-31 14:00:00+00:00,0.999852,0.999852,0.999852,0.999852,0,chainlink,measured,1.1200000000000099,2
2023-03-31 15:00:00+00:00,0.999852,0.999852,0.999852,0.999852,0,chainlink,measured,1.8200000000001548,2
2023-03-31 16:00:00+00:00,0.999852,0.999852,0.999852,0.999852,0,chainlink,measured,1.6199999999999548,2
2023-03-31 17:00:00+00:00,0.999852,0.999852,0.999852,0.999852,0,chainlink,measured,1.6199999999999548,2
2023-03-31 18:00:00+00:00,0.999852,0.999852,0.999852,0.999852,0,chainlink,measured,1.88000000000077,2
2023-03-31 19:00:00+00:00,0.999852,0.999852,0.999852,0.999852,0,chainlink,measured,3.4800000000001496,2
2023-03-31 20:00:00+00:00,0.999852,0.999852,0.999852,0.999852,0,chainlink,measured,1.88000000000077,2
2023-03-31 21:00:00+00:00,0.999852,0.999852,0.999852,0.999852,0,chainlink,measured,1.48000000000037,2
2023-03-31 22:00:00+00:00,0.999852,0.999852,0.999852,0.999852,0,chainlink,measured,0.48000000000048004,2
2023-03-31 23:00:00+00:00,0.999852,0.999852,0.999852,0.999852,0,chainlink,measured,1.380000000000825,2
